Email ID,Swift Id,Order Number,Status,Direction,Type,Total Amount,Zone,Destination State,Pickup Pincode,Billing Date,Courier Name,Weight (in gms),Cost (incl GST),SKU Total,Destination City,Charge Description,AWB
info@dermatouch.com,505733JP4441020,#DERMA2823567,Delivered,FORWARD,COD,480,B,Gujarat,380018,2026-04-14+05:30,Swift,500,92.04,,Lunawada,B2C Shipping Services,
info@dermatouch.com,505733JQ5857264,#DERMA2864026,Undelivered,FORWARD,COD,158,D,Madhya Pradesh,380018,2026-04-29+05:30,Swift,500,113.75,,Betul,B2C Shipping Services,
info@dermatouch.com,505733JQ7113203,#DERMA2938825,Delivered,FORWARD,COD,567,D,Maharashtra,380018,2026-04-25+05:30,Swift,1000,187.03,,Hingoli,B2C Shipping Services,
info@dermatouch.com,505733M4693218,#DERMA2828350,In Transit,FORWARD,COD,149,E,Assam,380018,2026-05-01+05:30,Swift,500,139.54,,Kabuganj,B2C Shipping Services,
info@dermatouch.com,505733M7019059,#DERMA2872625,Delivered,FORWARD,Prepaid,149,D,Maharashtra,380018,2026-04-24+05:30,Swift,500,75.99,,Jawhar,B2C Shipping Services,
info@dermatouch.com,505733JQ8729768,#DERMA2964463,In Transit,FORWARD,COD,138,D,Maharashtra,380018,2026-05-02+05:30,Swift,500,113.75,,Ahmed Nagar,B2C Shipping Services,
info@dermatouch.com,505733JQ6749479,#DERMA2753604,Delivered,FORWARD,COD,1734,D,Maharashtra,380018,2026-04-06+05:30,Swift,1500,260.31,,Erandol,B2C Shipping Services,
info@dermatouch.com,505733M8239386,#DERMA2748799,Delivered,FORWARD,COD,251,D,Orissa,380018,2026-04-07+05:30,Swift,500,113.75,,Kaniha,B2C Shipping Services,
info@dermatouch.com,505733M8587401,#DERMA2778980,RTO In Transit,FORWARD,COD,149,B,Gujarat,380018,2026-05-02+05:30,Swift,500,108.56,,SURAT,B2C Shipping Services,
info@dermatouch.com,505733JQ2630547,#DERMA2706789,Delivered,FORWARD,COD,149,D,Uttar Pradesh,380018,2026-04-06+05:30,Swift,1000,187.03,,Baraut,B2C Shipping Services,
info@dermatouch.com,505733A9270690,#DERMA2888759,In Transit,FORWARD,COD,158,D,Rajasthan,380018,2026-05-02+05:30,Swift,500,113.75,,Dausa,B2C Shipping Services,
info@dermatouch.com,505733JQ0880012,#DERMA2660654,Delivered,FORWARD,COD,1467,D,West Bengal,380018,2026-04-07+05:30,Swift,500,113.75,,Darjiling,B2C Shipping Services,
info@dermatouch.com,505733JQ9380517,#DERMA2945313,Delivered,FORWARD,Prepaid,149,C,Telangana,380018,2026-04-28+05:30,Swift,500,70.56,,Hyderabad,B2C Shipping Services,
info@dermatouch.com,505733JQ1228402,#DERMA2814572,Delivered,FORWARD,COD,298,D,Madhya Pradesh,380018,2026-04-11+05:30,Swift,1000,187.03,,Khargone,B2C Shipping Services,
info@dermatouch.com,505733JP9359336,#DERMA2869558,Delivered,FORWARD,COD,278,B,Gujarat,380018,2026-04-24+05:30,Swift,500,92.04,,Dahod,B2C Shipping Services,
info@dermatouch.com,505733JQ8406998,#DERMA2792698,RTO Delivered,FORWARD,COD,397,D,Bihar,380018,2026-04-21+05:30,Swift,500,151.98,,BHABUA,B2C Shipping Services,
info@dermatouch.com,505733JQ6945767,#DERMA2656257,RTO Delivered,FORWARD,COD,298,D,Karnataka,380018,2026-04-04+05:30,Swift,1000,146.56,,Nanjangud,B2C Shipping Services,
info@dermatouch.com,505733JQ5573666,#DERMA2960591,Delivered,FORWARD,COD,158,D,Maharashtra,380018,2026-04-27+05:30,Swift,500,113.75,,Hingoli,B2C Shipping Services,
info@dermatouch.com,505733JQ9223674,#DERMA2933073,Undelivered,FORWARD,COD,458,D,Maharashtra,380018,2026-05-02+05:30,Swift,500,113.75,,Aurangabad,B2C Shipping Services,
info@dermatouch.com,505733JP7575782,#DERMA2790101,RTO Delivered,FORWARD,COD,149,B,Gujarat,380018,2026-04-16+05:30,Swift,500,108.56,,Banaskantha,B2C Shipping Services,
info@dermatouch.com,505733M4962607,#DERMA2777448,RTO In Transit,FORWARD,COD,289,B,Gujarat,380018,2026-05-02+05:30,Swift,500,108.56,,SURAT,B2C Shipping Services,
info@dermatouch.com,505733A9750820,#DERMA2706821,RTO Out for Delivery,FORWARD,COD,357,E,Jammu & Kashmir,380018,2026-05-01+05:30,Swift,500,64.01,,SOPORE,B2C Shipping Services,
info@dermatouch.com,505733JQ2007955,#DERMA2781546,Delivered,FORWARD,COD,149,D,Maharashtra,380018,2026-04-21+05:30,Swift,500,113.75,,Rajgurunagar,B2C Shipping Services,
info@dermatouch.com,505733JQ3345872,#DERMA2874103,Delivered,FORWARD,COD,368,D,Karnataka,380018,2026-04-20+05:30,Swift,500,113.75,,Nanjangud,B2C Shipping Services,
info@dermatouch.com,505733JQ5896115,#DERMA2667359,RTO Delivered,FORWARD,COD,149,D,Tamil Nadu,380018,2026-04-12+05:30,Swift,500,38.23,,Villupuram,B2C Shipping Services,
info@dermatouch.com,505733M3433833,#DERMA2758433,Delivered,FORWARD,COD,149,D,Chhattisgarh,380018,2026-04-16+05:30,Swift,500,113.75,,Surajpur,B2C Shipping Services,
info@dermatouch.com,505733JQ8793487,#DERMA2755467,RTO Delivered,FORWARD,COD,149,D,Maharashtra,380018,2026-04-18+05:30,Swift,500,151.98,,Erandol,B2C Shipping Services,
info@dermatouch.com,505733M1723297,#DERMA2948782,In Transit,FORWARD,Prepaid,251,E,Tripura,380018,2026-04-29+05:30,Swift,500,101.78,,AGARTALA,B2C Shipping Services,
info@dermatouch.com,505733M2022901,#DERMA2721323,Delivered,FORWARD,COD,298,B,Gujarat,380018,2026-04-26+05:30,Swift,500,92.04,,SURAT,B2C Shipping Services,
info@dermatouch.com,505733M8264209,#DERMA2811550,Delivered,FORWARD,Prepaid,491,D,Jharkhand,380018,2026-04-21+05:30,Swift,500,75.99,,BORIO,B2C Shipping Services,
info@dermatouch.com,505733M2115188,#DERMA2996314,In Transit,FORWARD,COD,158,D,Karnataka,380018,2026-05-02+05:30,Swift,1000,187.03,,Afzalpur,B2C Shipping Services,
info@dermatouch.com,505733JQ7073820,#DERMA2688403,RTO Delivered,FORWARD,COD,149,D,Bihar,380018,2026-04-06+05:30,Swift,500,38.23,,JAMUI,B2C Shipping Services,
info@dermatouch.com,505733JQ7843555,#DERMA2668440,RTO Delivered,FORWARD,COD,314,D,Rajasthan,380018,2026-04-06+05:30,Swift,1000,184.79,,Jodhpur,B2C Shipping Services,
info@dermatouch.com,505733M7484407,#DERMA2743270,RTO In Transit,FORWARD,COD,149,D,Rajasthan,380018,2026-04-30+05:30,Swift,500,151.98,,Luni,B2C Shipping Services,
info@dermatouch.com,505733JQ2948892,#DERMA2780618,Delivered,FORWARD,Prepaid,388,D,Rajasthan,380018,2026-04-10+05:30,Swift,500,75.99,,Barmer,B2C Shipping Services,
info@dermatouch.com,505733EA5209342,#DERMA2741716,Delivered,FORWARD,Prepaid,149,D,Maharashtra,380018,2026-04-08+05:30,Swift,500,75.99,,Pandharpur,B2C Shipping Services,
info@dermatouch.com,505733JQ5132737,#DERMA2895094,RTO In Transit,FORWARD,COD,158,D,Uttar Pradesh,380018,2026-05-02+05:30,Swift,500,151.98,,Kanpur,B2C Shipping Services,
info@dermatouch.com,505733M7689467,#DERMA2845076,Delivered,FORWARD,COD,278,D,Maharashtra,380018,2026-04-21+05:30,Swift,500,113.75,,Washim,B2C Shipping Services,
info@dermatouch.com,505733JQ0619136,#DERMA2934748,Delivered,FORWARD,Prepaid,149,D,Maharashtra,380018,2026-04-25+05:30,Swift,1000,149.27,,Latur,B2C Shipping Services,
info@dermatouch.com,505733M3531671,#DERMA2855929,Delivered,FORWARD,COD,158,D,Maharashtra,380018,2026-04-19+05:30,Swift,500,113.75,,Jawhar,B2C Shipping Services,
info@dermatouch.com,505733JQ8734379,#DERMA2774753,Delivered,FORWARD,Prepaid,296,D,Uttarakhand,380018,2026-04-17+05:30,Swift,500,75.99,,Rudraprayag,B2C Shipping Services,
info@dermatouch.com,505733M4208921,#DERMA2833190,RTO In Transit,FORWARD,COD,158,D,Bihar,380018,2026-04-30+05:30,Swift,500,151.98,,Motihari,B2C Shipping Services,
info@dermatouch.com,505733M6941728,#DERMA2955127,In Transit,FORWARD,COD,158,E,Assam,380018,2026-04-29+05:30,Swift,500,139.54,,NAGAON,B2C Shipping Services,
info@dermatouch.com,505733JQ8459970,#DERMA2786048,RTO Delivered,FORWARD,COD,695,D,Maharashtra,380018,2026-04-30+05:30,Swift,500,151.98,,Rajgurunagar,B2C Shipping Services,
info@dermatouch.com,505733M3276268,#DERMA2949259,In Transit,FORWARD,COD,158,E,Assam,380018,2026-04-29+05:30,Swift,1000,238.6,,Bilasipara,B2C Shipping Services,
info@dermatouch.com,505733A1689093,#DERMA2951303,Delivered,FORWARD,Prepaid,269,D,Rajasthan,380018,2026-04-26+05:30,Swift,500,75.99,,Sajjangarh,B2C Shipping Services,
info@dermatouch.com,505733JP7751913,#DERMA2929216,Delivered,FORWARD,Prepaid,149,B,Gujarat,380018,2026-04-27+05:30,Swift,500,54.28,,Amreli,B2C Shipping Services,
info@dermatouch.com,505733JQ1787076,#DERMA2893794,Delivered,FORWARD,COD,260,D,Karnataka,380018,2026-04-20+05:30,Swift,500,113.75,,Nanjangud,B2C Shipping Services,
info@dermatouch.com,505733M8993653,#DERMA2795156,Delivered,FORWARD,COD,149,D,Orissa,380018,2026-04-11+05:30,Swift,500,113.75,,Kendujhar,B2C Shipping Services,
info@dermatouch.com,505733JQ7225444,#DERMA2760307,Delivered,FORWARD,COD,149,D,Orissa,380018,2026-04-06+05:30,Swift,500,113.75,,Nirakarpur,B2C Shipping Services,
info@dermatouch.com,505733M5203205,#DERMA2907223,In Transit,FORWARD,COD,158,D,Uttar Pradesh,380018,2026-05-02+05:30,Swift,500,113.75,,Bahraich,B2C Shipping Services,
info@dermatouch.com,505733JQ1787361,#DERMA2771143,Delivered,FORWARD,COD,149,D,Tamil Nadu,380018,2026-04-14+05:30,Swift,500,113.75,,Ariyalur,B2C Shipping Services,
info@dermatouch.com,505733A5482749,#DERMA2951535,Delivered,FORWARD,Prepaid,149,E,Himachal Pradesh,380018,2026-04-29+05:30,Swift,500,101.78,,Kinnaur,B2C Shipping Services,
info@dermatouch.com,505733M9622582,#DERMA2848255,Delivered,FORWARD,Prepaid,149,D,Maharashtra,380018,2026-04-26+05:30,Swift,500,75.99,,Erandol,B2C Shipping Services,
info@dermatouch.com,505733M0274609,#DERMA2799102,In Transit,FORWARD,COD,149,D,Maharashtra,380018,2026-05-02+05:30,Swift,500,113.75,,Akola,B2C Shipping Services,
info@dermatouch.com,505733JQ2179197,#DERMA2785778,RTO Delivered,FORWARD,COD,149,D,Maharashtra,380018,2026-04-30+05:30,Swift,1000,298.54,,Rajgurunagar,B2C Shipping Services,
info@dermatouch.com,505733M2208233,#DERMA2797610,RTO Delivered,FORWARD,COD,298,D,Uttar Pradesh,380018,2026-04-29+05:30,Swift,500,151.98,,Hardoi,B2C Shipping Services,
info@dermatouch.com,505733JQ2204122,#DERMA2874579,RTO In Transit,FORWARD,COD,158,D,Maharashtra,380018,2026-05-02+05:30,Swift,500,151.98,,Erandol,B2C Shipping Services,
info@dermatouch.com,505733M0490658,#DERMA2818058,Delivered,FORWARD,COD,269,E,Assam,380018,2026-04-24+05:30,Swift,500,139.54,,NAGAON,B2C Shipping Services,
info@dermatouch.com,505733JQ7823168,#DERMA2806059,Delivered,FORWARD,COD,149,D,Maharashtra,380018,2026-04-19+05:30,Swift,1000,187.03,,Rajgurunagar,B2C Shipping Services,
info@dermatouch.com,505733JP5910573,#DERMA2808024,Delivered,FORWARD,Prepaid,677,B,Gujarat,380018,2026-04-18+05:30,Swift,500,54.28,,Lunawada,B2C Shipping Services,
info@dermatouch.com,505733M2076616,#DERMA2757600,Delivered,FORWARD,Prepaid,1077,D,Orissa,380018,2026-04-08+05:30,Swift,1000,149.27,,Angul,B2C Shipping Services,
info@dermatouch.com,505733JQ0389541,#DERMA2793148,Delivered,FORWARD,COD,289,D,Maharashtra,380018,2026-04-12+05:30,Swift,500,113.75,,Erandol,B2C Shipping Services,
info@dermatouch.com,505733JQ6070836,#DERMA2739861,RTO Delivered,FORWARD,COD,149,D,Rajasthan,380018,2026-04-13+05:30,Swift,500,151.98,,Jalor,B2C Shipping Services,
info@dermatouch.com,505733JQ5455531,#DERMA2913605,Undelivered,FORWARD,COD,158,D,Rajasthan,380018,2026-05-01+05:30,Swift,500,113.75,,Jodhpur,B2C Shipping Services,
info@dermatouch.com,505733M4483380,#DERMA2913234,Delivered,FORWARD,COD,158,D,Jharkhand,380018,2026-04-28+05:30,Swift,500,113.75,,JAMSHEDPUR_JHARKHAND,B2C Shipping Services,
info@dermatouch.com,505733JQ7632492,#DERMA2809387,Delivered,FORWARD,COD,289,D,Maharashtra,380018,2026-04-13+05:30,Swift,500,113.75,,Rajgurunagar,B2C Shipping Services,
info@dermatouch.com,505733M6540812,#DERMA2843818,In Transit,FORWARD,COD,158,D,Uttar Pradesh,380018,2026-05-02+05:30,Swift,500,113.75,,Ballia,B2C Shipping Services,
info@dermatouch.com,505733JQ9356449,#DERMA2739515,Delivered,FORWARD,COD,149,D,Madhya Pradesh,380018,2026-04-03+05:30,Swift,500,113.75,,Khargone,B2C Shipping Services,
info@dermatouch.com,505733JQ6978050,#DERMA2843882,RTO In Transit,FORWARD,COD,158,D,Rajasthan,380018,2026-05-01+05:30,Swift,500,151.98,,Barmer,B2C Shipping Services,
info@dermatouch.com,505733EA0745707,#DERMA2796397,Delivered,FORWARD,Prepaid,149,D,Maharashtra,380018,2026-04-11+05:30,Swift,500,75.99,,Buldhana,B2C Shipping Services,
info@dermatouch.com,505733M2082774,#DERMA2768288,Delivered,FORWARD,COD,248,E,Assam,380018,2026-04-18+05:30,Swift,500,139.54,,Karimganj,B2C Shipping Services,
info@dermatouch.com,505733JQ6425073,#DERMA2908571,Undelivered,FORWARD,COD,158,D,Maharashtra,380018,2026-04-26+05:30,Swift,500,113.75,,Erandol,B2C Shipping Services,
info@dermatouch.com,505733JQ6905340,#DERMA2780368,RTO Delivered,FORWARD,COD,149,D,Maharashtra,380018,2026-04-30+05:30,Swift,1000,298.54,,Rajgurunagar,B2C Shipping Services,
info@dermatouch.com,505733JQ1168011,#DERMA2881202,In Transit,FORWARD,COD,427,D,Madhya Pradesh,380018,2026-05-02+05:30,Swift,500,113.75,,Dabra,B2C Shipping Services,
info@dermatouch.com,505733M7946282,#DERMA2774121,In Transit,FORWARD,Prepaid,149,E,Tripura,380018,2026-05-02+05:30,Swift,500,101.78,,AGARTALA,B2C Shipping Services,
info@dermatouch.com,505733JQ9533011,#DERMA2894068,RTO In Transit,FORWARD,COD,158,D,Maharashtra,380018,2026-04-28+05:30,Swift,500,151.98,,Ahmed Nagar,B2C Shipping Services,
info@dermatouch.com,505733A1925696,#DERMA2845395,In Transit,FORWARD,COD,158,D,Maharashtra,380018,2026-05-02+05:30,Swift,500,113.75,,Jawhar,B2C Shipping Services,
info@dermatouch.com,505733M3415781,#DERMA2686611,Delivered,FORWARD,COD,149,B,Gujarat,380018,2026-04-06+05:30,Swift,500,92.04,,SURAT,B2C Shipping Services,
info@dermatouch.com,505733M8877325,#DERMA2771503,Delivered,FORWARD,COD,149,E,Assam,380018,2026-04-10+05:30,Swift,500,139.54,,Kokrajhar,B2C Shipping Services,
info@dermatouch.com,505733M7755985,#DERMA2756658,In Transit,FORWARD,COD,149,D,Orissa,380018,2026-04-28+05:30,Swift,500,113.75,,TARBHA,B2C Shipping Services,
info@dermatouch.com,505733JQ1134900,#DERMA2792817,Undelivered,FORWARD,COD,149,D,Maharashtra,380018,2026-04-22+05:30,Swift,500,113.75,,Ahmed Nagar,B2C Shipping Services,
info@dermatouch.com,505733JQ1805338,#DERMA2893262,In Transit,FORWARD,COD,655,D,Rajasthan,380018,2026-05-02+05:30,Swift,500,113.75,,Jodhpur,B2C Shipping Services,
info@dermatouch.com,505733JQ5692223,#DERMA2769610,RTO Delivered,FORWARD,COD,656,D,Rajasthan,380018,2026-04-11+05:30,Swift,500,151.98,,Jaipur,B2C Shipping Services,
info@dermatouch.com,505733JQ0533967,#DERMA2893837,RTO In Transit,FORWARD,COD,158,D,West Bengal,380018,2026-05-02+05:30,Swift,1000,298.54,,Darjiling,B2C Shipping Services,
info@dermatouch.com,505733JQ8175143,#DERMA2881764,Delivered,FORWARD,COD,158,D,Orissa,380018,2026-04-23+05:30,Swift,500,113.75,,Borigumma,B2C Shipping Services,
info@dermatouch.com,505733JP1848768,#DERMA2714085,Delivered,FORWARD,COD,251,B,Gujarat,380018,2026-04-06+05:30,Swift,500,92.04,,Vagara,B2C Shipping Services,
info@dermatouch.com,505733JP0167575,#DERMA2874657,In Transit,FORWARD,COD,456,B,Gujarat,380018,2026-05-01+05:30,Swift,500,92.04,,Dahod,B2C Shipping Services,
info@dermatouch.com,505733JQ1589657,#DERMA2721423,RTO Delivered,FORWARD,COD,149,D,Orissa,380018,2026-04-12+05:30,Swift,500,38.23,,Puri,B2C Shipping Services,
info@dermatouch.com,505733M4745756,#DERMA2903778,In Transit,FORWARD,COD,158,E,Assam,380018,2026-05-02+05:30,Swift,500,139.54,,Kabuganj,B2C Shipping Services,
info@dermatouch.com,505733JP8334478,#DERMA2798211,RTO Delivered,FORWARD,COD,149,B,Gujarat,380018,2026-04-16+05:30,Swift,500,108.56,,Lunawada,B2C Shipping Services,
info@dermatouch.com,505733JQ9072558,#DERMA2820940,Delivered,FORWARD,COD,149,D,Rajasthan,380018,2026-04-11+05:30,Swift,500,113.75,,Jodhpur,B2C Shipping Services,
info@dermatouch.com,505733JQ7797655,#DERMA2719717,RTO Delivered,FORWARD,COD,149,D,Maharashtra,380018,2026-04-25+05:30,Swift,500,151.98,,Ahmed Nagar,B2C Shipping Services,
info@dermatouch.com,505733M9292670,#DERMA2754917,Delivered,FORWARD,COD,149,E,Assam,380018,2026-04-21+05:30,Swift,500,139.54,,NAGAON,B2C Shipping Services,
info@dermatouch.com,505733JQ9493421,#DERMA2842527,RTO In Transit,FORWARD,COD,158,D,Rajasthan,380018,2026-05-01+05:30,Swift,500,151.98,,Barmer,B2C Shipping Services,
info@dermatouch.com,505733JQ0009670,#DERMA2779363,RTO Delivered,FORWARD,COD,149,D,Rajasthan,380018,2026-04-20+05:30,Swift,500,151.98,,Jalor,B2C Shipping Services,
info@dermatouch.com,505733M7848805,#DERMA2663012,RTO In Transit,FORWARD,COD,149,B,Gujarat,380018,2026-04-24+05:30,Swift,500,108.56,,SURAT,B2C Shipping Services,
info@dermatouch.com,505733JQ8503500,#DERMA2696037,RTO Delivered,FORWARD,COD,251,D,Maharashtra,380018,2026-04-10+05:30,Swift,500,38.23,,PACHORA,B2C Shipping Services,
info@dermatouch.com,505733JQ9650808,#DERMA2931226,Delivered,FORWARD,COD,1082,D,Maharashtra,380018,2026-04-30+05:30,Swift,1000,187.03,,Jalna,B2C Shipping Services,
info@dermatouch.com,505733JQ5330835,#DERMA2917332,RTO In Transit,FORWARD,COD,158,D,Maharashtra,380018,2026-05-02+05:30,Swift,500,151.98,,Ahmed Nagar,B2C Shipping Services,
info@dermatouch.com,505733JP8623623,#DERMA2956332,Delivered,FORWARD,COD,158,B,Gujarat,380018,2026-04-27+05:30,Swift,1000,143.61,,Limbdi,B2C Shipping Services,
info@dermatouch.com,505733JQ5075361,#DERMA2884072,Undelivered,FORWARD,COD,158,D,Uttarakhand,380018,2026-04-23+05:30,Swift,500,113.75,,Rudraprayag,B2C Shipping Services,
info@dermatouch.com,505733M6653001,#DERMA2699602,Delivered,FORWARD,COD,269,B,Gujarat,380018,2026-04-09+05:30,Swift,500,92.04,,SURAT,B2C Shipping Services,
info@dermatouch.com,505733M5887829,#DERMA2846619,Delivered,FORWARD,Prepaid,149,D,Maharashtra,380018,2026-04-18+05:30,Swift,500,75.99,,Jawhar,B2C Shipping Services,
info@dermatouch.com,505733JP0529330,#DERMA2803451,Delivered,FORWARD,Prepaid,298,B,Gujarat,380018,2026-04-11+05:30,Swift,500,54.28,,Dahod,B2C Shipping Services,
info@dermatouch.com,505733JQ9000260,#DERMA2920070,Delivered,FORWARD,COD,278,D,Maharashtra,380018,2026-04-28+05:30,Swift,1000,187.03,,Erandol,B2C Shipping Services,
info@dermatouch.com,505733JQ5770746,#DERMA2931549,Delivered,FORWARD,COD,158,D,Maharashtra,380018,2026-04-23+05:30,Swift,500,113.75,,Erandol,B2C Shipping Services,
info@dermatouch.com,505733M2518660,#DERMA2742867,Delivered,FORWARD,COD,298,D,West Bengal,380018,2026-04-07+05:30,Swift,500,113.75,,Takdah,B2C Shipping Services,
info@dermatouch.com,505733JQ7361591,#DERMA2961915,In Transit,FORWARD,Prepaid,149,D,Maharashtra,380018,2026-05-02+05:30,Swift,500,75.99,,Osmanabad,B2C Shipping Services,
info@dermatouch.com,505733JQ5035614,#DERMA2612661,RTO Delivered,FORWARD,COD,397,D,Orissa,380018,2026-04-11+05:30,Swift,500,38.23,,Puri,B2C Shipping Services,
info@dermatouch.com,505733A2258307,#DERMA2757588,RTO In Transit,FORWARD,COD,129,E,Jammu & Kashmir,380018,2026-04-28+05:30,Swift,500,203.55,,Kupwara,B2C Shipping Services,
info@dermatouch.com,505733JQ2624829,#DERMA2888573,RTO In Transit,FORWARD,COD,158,D,Bihar,380018,2026-05-02+05:30,Swift,1000,298.54,,Araria,B2C Shipping Services,
info@dermatouch.com,505733JQ1345632,#DERMA2849360,Delivered,FORWARD,Prepaid,149,D,Maharashtra,380018,2026-04-18+05:30,Swift,500,75.99,,Erandol,B2C Shipping Services,
info@dermatouch.com,505733M5965177,#DERMA2839723,Delivered,FORWARD,COD,158,D,Maharashtra,380018,2026-04-23+05:30,Swift,500,113.75,,Hingoli,B2C Shipping Services,
info@dermatouch.com,505733JQ3094726,#DERMA2846857,Delivered,FORWARD,COD,257,D,Maharashtra,380018,2026-04-20+05:30,Swift,500,113.75,,Rajgurunagar,B2C Shipping Services,
info@dermatouch.com,505733JP4415855,#DERMA2880439,RTO Delivered,FORWARD,COD,158,B,Gujarat,380018,2026-04-23+05:30,Swift,500,108.56,,Limbdi,B2C Shipping Services,
info@dermatouch.com,505733JQ9915259,#DERMA2886902,Delivered,FORWARD,Prepaid,149,C,Telangana,380018,2026-04-18+05:30,Swift,1000,138.41,,Hyderabad,B2C Shipping Services,
info@dermatouch.com,505733JQ8772219,#DERMA2792752,Delivered,FORWARD,COD,149,D,Maharashtra,380018,2026-04-20+05:30,Swift,1000,187.03,,Rajgurunagar,B2C Shipping Services,
info@dermatouch.com,505733JQ0415004,#DERMA2685446,RTO Delivered,FORWARD,COD,149,D,Maharashtra,380018,2026-04-18+05:30,Swift,1500,184.79,,Shindkheda,B2C Shipping Services,
info@dermatouch.com,505733M7892496,#DERMA2964721,In Transit,FORWARD,COD,158,E,Assam,380018,2026-04-29+05:30,Swift,1000,238.6,,Kokrajhar,B2C Shipping Services,
info@dermatouch.com,505733JQ3094602,#DERMA2788647,Delivered,FORWARD,COD,449,D,Maharashtra,380018,2026-04-19+05:30,Swift,500,113.75,,Rajgurunagar,B2C Shipping Services,
info@dermatouch.com,505733M6339919,#DERMA2726840,RTO In Transit,FORWARD,COD,149,D,Rajasthan,380018,2026-05-02+05:30,Swift,500,151.98,,Luni,B2C Shipping Services,
info@dermatouch.com,505733M4378645,#DERMA2819048,Delivered,FORWARD,COD,149,D,Maharashtra,380018,2026-04-24+05:30,Swift,500,113.75,,Jawhar,B2C Shipping Services,
info@dermatouch.com,505733M7261708,#DERMA2738501,Delivered,FORWARD,COD,149,E,Assam,380018,2026-04-08+05:30,Swift,500,139.54,,Mangaldoi,B2C Shipping Services,
info@dermatouch.com,505733JQ8174804,#DERMA2906691,In Transit,FORWARD,COD,158,D,Karnataka,380018,2026-04-30+05:30,Swift,500,113.75,,DEVADURGA,B2C Shipping Services,
info@dermatouch.com,505733M7295240,#DERMA2806514,Delivered,FORWARD,Prepaid,149,D,Chhattisgarh,380018,2026-04-21+05:30,Swift,500,75.99,,Surajpur,B2C Shipping Services,
info@dermatouch.com,505733JK9788227,#DERMA2165518,RTO Delivered,FORWARD,COD,149,D,West Bengal,380018,2026-01-18+05:30,Swift,1000,146.56,,Darjiling,B2C Shipping Services,
info@dermatouch.com,505733M8475150,#DERMA2836054,Delivered,FORWARD,Prepaid,99,D,Maharashtra,380018,2026-04-28+05:30,Swift,500,75.99,,Jawhar,B2C Shipping Services,
info@dermatouch.com,505733JQ8884882,#DERMA2845857,RTO In Transit,FORWARD,COD,158,D,Maharashtra,380018,2026-05-02+05:30,Swift,500,151.98,,Erandol,B2C Shipping Services,
info@dermatouch.com,505733M5721639,#DERMA2652298,RTO Delivered,FORWARD,COD,149,D,Uttar Pradesh,380018,2026-04-21+05:30,Swift,500,151.98,,Ghazipur,B2C Shipping Services,
info@dermatouch.com,505733JP8110001,#DERMA2631138,RTO Delivered,FORWARD,COD,298,B,Gujarat,380018,2026-04-01+05:30,Swift,1000,103.13,,Dahod,B2C Shipping Services,
info@dermatouch.com,505733JQ8654581,#DERMA2888132,Delivered,FORWARD,COD,158,D,Maharashtra,380018,2026-04-21+05:30,Swift,500,113.75,,Erandol,B2C Shipping Services,
info@dermatouch.com,505733JQ5877116,#DERMA2881553,In Transit,FORWARD,Prepaid,149,D,Bihar,380018,2026-05-01+05:30,Swift,500,75.99,,Nawada,B2C Shipping Services,
info@dermatouch.com,505733JQ1365272,#DERMA2809028,Delivered,FORWARD,COD,266,E,Himachal Pradesh,380018,2026-04-20+05:30,Swift,500,139.54,,Sirmaur,B2C Shipping Services,
info@dermatouch.com,505733M7177418,#DERMA2857073,In Transit,FORWARD,COD,307,E,Kerala,380018,2026-05-02+05:30,Swift,500,139.54,,IRINJALAKUDA,B2C Shipping Services,
info@dermatouch.com,505733M5794144,#DERMA2707930,RTO Delivered,FORWARD,COD,149,D,Bihar,380018,2026-04-10+05:30,Swift,500,38.23,,Naugachia,B2C Shipping Services,
info@dermatouch.com,505733M7550322,#DERMA2648887,RTO In Transit,FORWARD,COD,269,E,Tripura,380018,2026-04-29+05:30,Swift,500,203.55,,AGARTALA,B2C Shipping Services,
info@dermatouch.com,505733M8029115,#DERMA2660446,RTO In Transit,FORWARD,COD,289,B,Gujarat,380018,2026-04-24+05:30,Swift,500,108.56,,SURAT,B2C Shipping Services,
info@dermatouch.com,505733M5564008,#DERMA2819415,RTO In Transit,FORWARD,COD,149,D,Bihar,380018,2026-05-01+05:30,Swift,500,151.98,,Naugachia,B2C Shipping Services,
info@dermatouch.com,505733JQ5212213,#DERMA2837291,RTO In Transit,FORWARD,COD,278,D,Maharashtra,380018,2026-05-01+05:30,Swift,1000,298.54,,Kudus,B2C Shipping Services,
info@dermatouch.com,505733JQ8017982,#DERMA2820617,RTO Delivered,FORWARD,COD,149,D,Maharashtra,380018,2026-04-25+05:30,Swift,1000,298.54,,Shevgaon,B2C Shipping Services,
info@dermatouch.com,505733A7153233,#DERMA2784654,In Transit,FORWARD,COD,289,D,Maharashtra,380018,2026-05-02+05:30,Swift,500,113.75,,Jawhar,B2C Shipping Services,
info@dermatouch.com,505733JQ0244229,#DERMA2829093,Delivered,FORWARD,Prepaid,149,D,Maharashtra,380018,2026-04-13+05:30,Swift,500,75.99,,Parbhani,B2C Shipping Services,
info@dermatouch.com,505733M6384880,#DERMA2721982,Delivered,FORWARD,COD,149,E,Meghalaya,380018,2026-04-29+05:30,Swift,500,139.54,,Jaintia Hills,B2C Shipping Services,
info@dermatouch.com,505733M8213072,#DERMA2838032,RTO Delivered,FORWARD,COD,158,B,Gujarat,380018,2026-04-27+05:30,Swift,500,108.56,,Banaskantha,B2C Shipping Services,
info@dermatouch.com,505733JP4022571,#DERMA2914049,Delivered,FORWARD,Prepaid,149,B,Gujarat,380018,2026-04-25+05:30,Swift,1000,105.85,,Vagara,B2C Shipping Services,
info@dermatouch.com,505733M6982198,#DERMA2770605,Delivered,FORWARD,COD,149,D,Tamil Nadu,380018,2026-04-10+05:30,Swift,500,113.75,,Nilgiris,B2C Shipping Services,
info@dermatouch.com,505733JQ5076212,#DERMA2971265,Undelivered,FORWARD,COD,158,D,Uttar Pradesh,380018,2026-05-02+05:30,Swift,1000,187.03,,Bahraich,B2C Shipping Services,
info@dermatouch.com,505733JP8719331,#DERMA2775148,Delivered,FORWARD,COD,269,B,Gujarat,380018,2026-04-06+05:30,Swift,500,92.04,,Surendra Nagar,B2C Shipping Services,
info@dermatouch.com,505733M6732566,#DERMA2832034,Undelivered,FORWARD,COD,158,E,Jammu & Kashmir,380018,2026-05-01+05:30,Swift,500,139.54,,Kathua,B2C Shipping Services,
info@dermatouch.com,505733M7590581,#DERMA2765524,RTO In Transit,FORWARD,COD,129,E,Assam,380018,2026-05-02+05:30,Swift,500,203.55,,Karimganj,B2C Shipping Services,
info@dermatouch.com,505733M4201200,#DERMA2703069,RTO In Transit,FORWARD,COD,314,D,Bihar,380018,2026-04-29+05:30,Swift,500,151.98,,Chakia,B2C Shipping Services,
info@dermatouch.com,505733M5901909,#DERMA2922563,In Transit,FORWARD,COD,158,D,Uttar Pradesh,380018,2026-05-02+05:30,Swift,500,113.75,,Ballia,B2C Shipping Services,
info@dermatouch.com,505733M5152394,#DERMA2833541,Delivered,FORWARD,COD,158,D,Maharashtra,380018,2026-04-20+05:30,Swift,500,113.75,,Deglur,B2C Shipping Services,
info@dermatouch.com,505733JQ8512457,in36265,Delivered,FORWARD,Prepaid,1000,D,Maharashtra,380018,2026-04-03+05:30,Swift,3000,442.38,,Kolhapur,B2C Shipping Services,
info@dermatouch.com,505733JQ9259965,#DERMA2932748,Delivered,FORWARD,COD,158,D,Maharashtra,380018,2026-04-30+05:30,Swift,500,113.75,,Hingoli,B2C Shipping Services,
info@dermatouch.com,505733JQ2711867,#DERMA2946958,Delivered,FORWARD,Prepaid,149,D,West Bengal,380018,2026-04-28+05:30,Swift,500,75.99,,Darjiling,B2C Shipping Services,
info@dermatouch.com,505733JP1007237,#DERMA2763655,Delivered,FORWARD,Prepaid,1041,B,Gujarat,380018,2026-04-05+05:30,Swift,500,54.28,,Bhuj,B2C Shipping Services,
info@dermatouch.com,505733JQ5766822,#DERMA2785694,RTO Delivered,FORWARD,COD,149,D,Bihar,380018,2026-04-27+05:30,Swift,500,151.98,,BHABUA,B2C Shipping Services,
info@dermatouch.com,505733JQ3328736,#DERMA2790180,Delivered,FORWARD,COD,149,D,Maharashtra,380018,2026-04-19+05:30,Swift,500,113.75,,Rajgurunagar,B2C Shipping Services,
info@dermatouch.com,505733M8002750,#DERMA2795694,Undelivered,FORWARD,COD,149,E,Assam,380018,2026-05-02+05:30,Swift,500,139.54,,DIPHU,B2C Shipping Services,
info@dermatouch.com,505733JQ4111950,#DERMA2790712,Delivered,FORWARD,COD,149,D,Maharashtra,380018,2026-04-19+05:30,Swift,500,113.75,,Rajgurunagar,B2C Shipping Services,
info@dermatouch.com,505733M0389940,#DERMA2721374,RTO Delivered,FORWARD,COD,149,D,West Bengal,380018,2026-04-20+05:30,Swift,500,151.98,,Takdah,B2C Shipping Services,
info@dermatouch.com,505733JQ4198008,#DERMA2796369,Delivered,FORWARD,Prepaid,149,D,Maharashtra,380018,2026-04-19+05:30,Swift,500,75.99,,Rajgurunagar,B2C Shipping Services,
info@dermatouch.com,505733JQ0299095,#DERMA2662487,Delivered,FORWARD,Prepaid,251,E,Tripura,380018,2026-04-05+05:30,Swift,500,101.78,,AGARTALA,B2C Shipping Services,
info@dermatouch.com,505733JQ7977390,#DERMA2789587,Delivered,FORWARD,COD,149,D,Bihar,380018,2026-04-10+05:30,Swift,1000,187.03,,Patna,B2C Shipping Services,
info@dermatouch.com,505733JQ5615521,#DERMA2741307,Delivered,FORWARD,COD,251,D,Madhya Pradesh,380018,2026-04-22+05:30,Swift,500,113.75,,Gotegaon,B2C Shipping Services,
info@dermatouch.com,505733JP5433408,#DERMA2742139,RTO Delivered,FORWARD,COD,149,B,Gujarat,380018,2026-04-09+05:30,Swift,500,108.56,,Dahod,B2C Shipping Services,
info@dermatouch.com,505733A4540512,#DERMA2879744,In Transit,FORWARD,Prepaid,149,E,Jammu & Kashmir,380018,2026-05-01+05:30,Swift,500,101.78,,LAR GANDERBAL,B2C Shipping Services,
info@dermatouch.com,505733M8614572,#DERMA2775602,RTO Delivered,FORWARD,COD,251,D,Orissa,380018,2026-04-23+05:30,Swift,500,151.98,,Nirakarpur,B2C Shipping Services,
info@dermatouch.com,505733M3935534,#DERMA2840363,RTO In Transit,FORWARD,COD,158,D,Maharashtra,380018,2026-05-02+05:30,Swift,500,151.98,,Hingoli,B2C Shipping Services,
info@dermatouch.com,505733JQ4644379,#DERMA2956293,In Transit,FORWARD,COD,208,D,Uttar Pradesh,380018,2026-05-02+05:30,Swift,500,113.75,,Bahraich,B2C Shipping Services,
info@dermatouch.com,505733JQ2402299,#DERMA2803430,Undelivered,FORWARD,COD,149,D,Maharashtra,380018,2026-05-02+05:30,Swift,500,113.75,,Rajgurunagar,B2C Shipping Services,
info@dermatouch.com,505733JQ3030129,#DERMA2790085,Delivered,FORWARD,Prepaid,149,D,Maharashtra,380018,2026-04-21+05:30,Swift,500,75.99,,Rajgurunagar,B2C Shipping Services,
info@dermatouch.com,505733A4672467,#DERMA2951244,Delivered,FORWARD,COD,323,E,Himachal Pradesh,380018,2026-04-28+05:30,Swift,500,139.54,,Kullu,B2C Shipping Services,
info@dermatouch.com,505733JQ7022281,#DERMA2865965,RTO In Transit,FORWARD,COD,158,D,Maharashtra,380018,2026-05-01+05:30,Swift,1000,298.54,,Kudus,B2C Shipping Services,
info@dermatouch.com,505733JQ0936104,#DERMA2899495,Delivered,FORWARD,COD,158,D,Maharashtra,380018,2026-04-22+05:30,Swift,500,113.75,,Hingoli,B2C Shipping Services,
info@dermatouch.com,505733M7374050,#DERMA2815412,Delivered,FORWARD,COD,149,D,Maharashtra,380018,2026-04-21+05:30,Swift,500,113.75,,Washim,B2C Shipping Services,
info@dermatouch.com,505733JQ3597327,#DERMA2901702,In Transit,FORWARD,COD,158,D,Rajasthan,380018,2026-05-02+05:30,Swift,500,113.75,,Jodhpur,B2C Shipping Services,
info@dermatouch.com,505733JQ4380828,#DERMA2883875,In Transit,FORWARD,Prepaid,149,D,Bihar,380018,2026-05-02+05:30,Swift,500,75.99,,Simrahi Bazar,B2C Shipping Services,
info@dermatouch.com,505733JQ9901822,#DERMA2782624,RTO Delivered,FORWARD,COD,149,D,Maharashtra,380018,2026-04-18+05:30,Swift,500,151.98,,Ratnagiri,B2C Shipping Services,
info@dermatouch.com,505733M6267030,#DERMA2953995,In Transit,FORWARD,COD,158,D,Chhattisgarh,380018,2026-05-02+05:30,Swift,1000,187.03,,Surajpur,B2C Shipping Services,
info@dermatouch.com,505733JK8288539,#DERMA2836725,Delivered,FORWARD,COD,158,D,Maharashtra,380018,2026-04-24+05:30,Swift,500,113.75,,PARATWADDA,B2C Shipping Services,
info@dermatouch.com,505733JP5472654,#DERMA2953322,Undelivered,FORWARD,Prepaid,149,B,Gujarat,380018,2026-05-01+05:30,Swift,500,54.28,,Bilimora,B2C Shipping Services,
info@dermatouch.com,505733JQ1393152,#DERMA2657104,Delivered,FORWARD,COD,1075,D,Maharashtra,380018,2026-04-06+05:30,Swift,1000,187.03,,PACHORA,B2C Shipping Services,
info@dermatouch.com,505733JQ9554351,#DERMA2874348,RTO In Transit,FORWARD,COD,406,D,Maharashtra,380018,2026-05-02+05:30,Swift,500,151.98,,Latur,B2C Shipping Services,
info@dermatouch.com,505733JQ5384555,#DERMA2884819,Delivered,FORWARD,Prepaid,251,D,Maharashtra,380018,2026-04-21+05:30,Swift,500,75.99,,Hingoli,B2C Shipping Services,
info@dermatouch.com,505733JQ8697032,#DERMA2882137,Delivered,FORWARD,Prepaid,149,D,Uttar Pradesh,380018,2026-04-29+05:30,Swift,500,75.99,,NAIMISHARANYA,B2C Shipping Services,
info@dermatouch.com,505733JQ6106417,#DERMA2908956,Shipment Delayed,FORWARD,COD,267,D,Maharashtra,380018,2026-05-02+05:30,Swift,500,113.75,,Erandol,B2C Shipping Services,
info@dermatouch.com,505733A6361867,#DERMA2769885,Delivered,FORWARD,COD,298,D,Tamil Nadu,380018,2026-04-09+05:30,Swift,500,113.75,,Jayankondam,B2C Shipping Services,
info@dermatouch.com,505733JQ3925909,#DERMA2796585,Delivered,FORWARD,COD,1059,D,Maharashtra,380018,2026-04-13+05:30,Swift,500,113.75,,Ratnagiri,B2C Shipping Services,
info@dermatouch.com,505733JQ7398923,#DERMA2805149,Delivered,FORWARD,COD,149,D,Maharashtra,380018,2026-04-20+05:30,Swift,500,113.75,,Rajgurunagar,B2C Shipping Services,
info@dermatouch.com,505733JP4272918,#DERMA2780287,RTO Delivered,FORWARD,COD,251,B,Gujarat,380018,2026-04-11+05:30,Swift,500,108.56,,Banaskantha,B2C Shipping Services,
info@dermatouch.com,505733M3685102,#DERMA2826854,Delivered,FORWARD,COD,298,D,Orissa,380018,2026-04-20+05:30,Swift,500,113.75,,Koraput,B2C Shipping Services,
info@dermatouch.com,505733M8799098,#DERMA2944427,In Transit,FORWARD,COD,158,E,Assam,380018,2026-04-29+05:30,Swift,1000,238.6,,NAGAON,B2C Shipping Services,
info@dermatouch.com,505733JQ5350408,#DERMA2754626,Delivered,FORWARD,COD,149,D,Maharashtra,380018,2026-04-05+05:30,Swift,1000,187.03,,Aurangabad,B2C Shipping Services,
info@dermatouch.com,505733M0433844,#DERMA2770151,RTO In Transit,FORWARD,COD,149,E,Assam,380018,2026-04-27+05:30,Swift,500,203.55,,Mangaldoi,B2C Shipping Services,
info@dermatouch.com,505733M6747308,#DERMA2893260,Delivered,FORWARD,COD,260,D,Orissa,380018,2026-04-28+05:30,Swift,500,113.75,,TARBHA,B2C Shipping Services,
info@dermatouch.com,505733M8100660,#DERMA2944404,In Transit,FORWARD,COD,158,D,Maharashtra,380018,2026-05-02+05:30,Swift,1000,187.03,,Atapadi,B2C Shipping Services,
info@dermatouch.com,505733M7820862,#DERMA2862826,In Transit,FORWARD,COD,158,D,Maharashtra,380018,2026-05-02+05:30,Swift,500,113.75,,Akola,B2C Shipping Services,
info@dermatouch.com,505733M7150498,#DERMA2842910,RTO In Transit,FORWARD,COD,158,D,Rajasthan,380018,2026-05-01+05:30,Swift,500,151.98,,Luni,B2C Shipping Services,
info@dermatouch.com,505733M4926652,#DERMA2806554,Delivered,FORWARD,COD,359,E,Kerala,380018,2026-04-13+05:30,Swift,500,139.54,,Vadakkencherry,B2C Shipping Services,
info@dermatouch.com,505733M0453234,#DERMA2835561,Delivered,FORWARD,Prepaid,251,D,Maharashtra,380018,2026-04-18+05:30,Swift,500,75.99,,Erandol,B2C Shipping Services,
info@dermatouch.com,505733M1378830,#DERMA2648882,Delivered,FORWARD,COD,269,E,Tripura,380018,2026-04-16+05:30,Swift,500,139.54,,AGARTALA,B2C Shipping Services,
info@dermatouch.com,505733M5758678,#DERMA2882022,RTO In Transit,FORWARD,COD,307,D,Maharashtra,380018,2026-05-02+05:30,Swift,500,151.98,,Paratwada,B2C Shipping Services,
info@dermatouch.com,505733JQ1427795,#DERMA2738793,RTO Delivered,FORWARD,COD,149,D,Madhya Pradesh,380018,2026-04-16+05:30,Swift,500,151.98,,Khargone,B2C Shipping Services,
info@dermatouch.com,505733JQ3891631,#DERMA2791411,RTO Delivered,FORWARD,COD,339,C,Karnataka,380018,2026-04-20+05:30,Swift,500,141.13,,Bangalore,B2C Shipping Services,
info@dermatouch.com,505733JQ0245863,#DERMA2714961,RTO Delivered,FORWARD,COD,500,D,Maharashtra,380018,2026-04-11+05:30,Swift,500,151.98,,DAULATABAD,B2C Shipping Services,
info@dermatouch.com,505733M1790384,#DERMA2864844,Delivered,FORWARD,COD,158,D,Maharashtra,380018,2026-04-27+05:30,Swift,500,113.75,,Jawhar,B2C Shipping Services,
info@dermatouch.com,505733EA0635509,#DERMA2570791,RTO Delivered,FORWARD,COD,149,E,Jammu & Kashmir,380018,2026-04-04+05:30,Swift,1000,198.12,,Baramulla,B2C Shipping Services,
info@dermatouch.com,505733JQ3734037,#DERMA2837402,Delivered,FORWARD,COD,278,D,Maharashtra,380018,2026-04-21+05:30,Swift,1000,187.03,,Ahmed Nagar,B2C Shipping Services,
info@dermatouch.com,505733A0609683,#DERMA2947793,Delivered,FORWARD,COD,289,D,Maharashtra,380018,2026-04-30+05:30,Swift,500,113.75,,Sangli,B2C Shipping Services,
info@dermatouch.com,505733M9683987,#DERMA2905397,Delivered,FORWARD,COD,158,D,Maharashtra,380018,2026-04-29+05:30,Swift,500,113.75,,Deglur,B2C Shipping Services,
info@dermatouch.com,505733JQ4361618,#DERMA2787391,Delivered,FORWARD,COD,397,D,Punjab,380018,2026-04-08+05:30,Swift,1000,187.03,,Nawanshahr,B2C Shipping Services,
info@dermatouch.com,505733M1574917,#DERMA2738578,RTO In Transit,FORWARD,Prepaid,296,E,Assam,380018,2026-05-01+05:30,Swift,500,203.55,,Chamaria,B2C Shipping Services,
info@dermatouch.com,505733M9334063,#DERMA2902413,Delivered,FORWARD,COD,158,D,Maharashtra,380018,2026-04-26+05:30,Swift,500,113.75,,Baramati,B2C Shipping Services,
info@dermatouch.com,505733A7136419,#DERMA2950469,Undelivered,FORWARD,COD,1125,D,Bihar,380018,2026-04-30+05:30,Swift,1500,260.31,,Udakishanganj,B2C Shipping Services,
info@dermatouch.com,505733JQ3557673,#DERMA2791314,Delivered,FORWARD,Prepaid,894,D,Maharashtra,380018,2026-04-19+05:30,Swift,500,75.99,,Rajgurunagar,B2C Shipping Services,
info@dermatouch.com,505733JQ0830225,#DERMA2733081,RTO Delivered,FORWARD,COD,149,D,Bihar,380018,2026-04-21+05:30,Swift,500,151.98,,BHABUA,B2C Shipping Services,
info@dermatouch.com,505733JQ5077452,#DERMA2934452,Delivered,FORWARD,COD,357,D,Bihar,380018,2026-04-29+05:30,Swift,1000,187.03,,Patna,B2C Shipping Services,
info@dermatouch.com,505733JP1704439,#DERMA2940025,Undelivered,FORWARD,COD,158,B,Gujarat,380018,2026-05-02+05:30,Swift,500,92.04,,Lunawada,B2C Shipping Services,
info@dermatouch.com,505733M2236907,#DERMA2769433,Delivered,FORWARD,COD,149,E,Assam,380018,2026-04-12+05:30,Swift,500,139.54,,Darrang,B2C Shipping Services,
info@dermatouch.com,505733M3501563,#DERMA2915725,RTO In Transit,FORWARD,COD,307,E,Kerala,380018,2026-05-02+05:30,Swift,500,203.55,,KASARGODE,B2C Shipping Services,
info@dermatouch.com,505733M7277898,#DERMA2799736,Delivered,FORWARD,Prepaid,149,D,Uttar Pradesh,380018,2026-04-14+05:30,Swift,500,75.99,,Hardoi,B2C Shipping Services,
info@dermatouch.com,505733M4180924,#DERMA2665688,RTO Delivered,FORWARD,COD,149,E,Assam,380018,2026-04-16+05:30,Swift,500,64.01,,Mangaldoi,B2C Shipping Services,
info@dermatouch.com,505733JQ2690387,#DERMA2814756,RTO In Transit,FORWARD,COD,149,D,Maharashtra,380018,2026-05-02+05:30,Swift,500,151.98,,Erandol,B2C Shipping Services,
info@dermatouch.com,505733JQ5209862,#DERMA2905291,Delivered,FORWARD,COD,278,D,Rajasthan,380018,2026-04-21+05:30,Swift,1000,187.03,,Jodhpur,B2C Shipping Services,
info@dermatouch.com,505733M0065519,#DERMA2818083,Delivered,FORWARD,COD,149,D,Chhattisgarh,380018,2026-04-13+05:30,Swift,500,113.75,,KORIYA,B2C Shipping Services,
info@dermatouch.com,505733JP2635579,#DERMA2845163,Delivered,FORWARD,COD,158,B,Gujarat,380018,2026-04-20+05:30,Swift,500,92.04,,Lunawada,B2C Shipping Services,
info@dermatouch.com,505733JQ3220841,#DERMA3011172,In Transit,FORWARD,COD,158,D,Bihar,380018,2026-05-02+05:30,Swift,500,113.75,,BHABUA,B2C Shipping Services,
info@dermatouch.com,505733JQ9706830,#DERMA2844725,Delivered,FORWARD,COD,307,D,Maharashtra,380018,2026-04-18+05:30,Swift,500,113.75,,Hingoli,B2C Shipping Services,
info@dermatouch.com,505733M9887279,#DERMA2901452,Undelivered,FORWARD,COD,208,E,Meghalaya,380018,2026-05-02+05:30,Swift,500,139.54,,West Garo Hills,B2C Shipping Services,
info@dermatouch.com,505733M0158007,#DERMA2843177,Undelivered,FORWARD,COD,158,D,Jharkhand,380018,2026-05-02+05:30,Swift,500,113.75,,Giridh,B2C Shipping Services,
info@dermatouch.com,505733M6958168,#DERMA2632607,RTO In Transit,FORWARD,COD,149,D,Rajasthan,380018,2026-04-29+05:30,Swift,500,151.98,,Luni,B2C Shipping Services,
info@dermatouch.com,505733A5136831,#DERMA2850564,Delivered,FORWARD,Prepaid,149,D,Orissa,380018,2026-04-19+05:30,Swift,500,75.99,,KUCHINDA,B2C Shipping Services,
info@dermatouch.com,505733JQ4126215,#DERMA2768372,RTO Delivered,FORWARD,COD,248,D,Maharashtra,380018,2026-04-19+05:30,Swift,500,151.98,,Jalna,B2C Shipping Services,
info@dermatouch.com,505733JQ4606130,#DERMA2810237,Delivered,FORWARD,Prepaid,149,C,Maharashtra,380018,2026-04-10+05:30,Swift,500,70.56,,Mumbai,B2C Shipping Services,
info@dermatouch.com,505733JQ1793297,#DERMA2827410,Delivered,FORWARD,COD,99,D,Orissa,380018,2026-04-14+05:30,Swift,500,113.75,,Sambalpur,B2C Shipping Services,
info@dermatouch.com,505733JQ1852104,#DERMA2909124,Delivered,FORWARD,COD,158,D,Maharashtra,380018,2026-04-24+05:30,Swift,1000,187.03,,Hingoli,B2C Shipping Services,
info@dermatouch.com,505733JQ0350943,#DERMA2627846,RTO Delivered,FORWARD,Prepaid,149,D,Maharashtra,380018,2026-04-06+05:30,Swift,500,75.99,,Latur,B2C Shipping Services,
info@dermatouch.com,505733JQ2901567,#DERMA2981554,In Transit,FORWARD,Prepaid,149,D,Maharashtra,380018,2026-05-02+05:30,Swift,500,75.99,,Ratnagiri,B2C Shipping Services,
info@dermatouch.com,505733JQ5445103,#DERMA2763952,RTO Delivered,FORWARD,Prepaid,298,E,Himachal Pradesh,380018,2026-04-17+05:30,Swift,500,203.55,,Sirmaur,B2C Shipping Services,
info@dermatouch.com,505733JQ9515499,#DERMA2849746,RTO Delivered,FORWARD,COD,323,E,Tripura,380018,2026-04-25+05:30,Swift,1000,401.67,,AGARTALA,B2C Shipping Services,
info@dermatouch.com,505733M1251501,#DERMA2854074,RTO In Transit,FORWARD,COD,323,D,Bihar,380018,2026-05-01+05:30,Swift,500,151.98,,Bagaha,B2C Shipping Services,
info@dermatouch.com,505733JQ9383167,#DERMA2736715,Delivered,FORWARD,Prepaid,149,D,Maharashtra,380018,2026-04-06+05:30,Swift,500,75.99,,Erandol,B2C Shipping Services,
info@dermatouch.com,505733JQ2670778,#DERMA2895666,RTO Delivered,FORWARD,COD,158,D,Maharashtra,380018,2026-04-27+05:30,Swift,1000,298.54,,Erandol,B2C Shipping Services,
info@dermatouch.com,505733JQ6256685,#DERMA2847396,Delivered,FORWARD,COD,158,D,Maharashtra,380018,2026-04-17+05:30,Swift,500,113.75,,Kudus,B2C Shipping Services,
info@dermatouch.com,505733M5401460,#DERMA2829851,Delivered,FORWARD,COD,158,D,Maharashtra,380018,2026-04-22+05:30,Swift,500,113.75,,Washim,B2C Shipping Services,
info@dermatouch.com,505733JQ6447190,#DERMA2755209,RTO Delivered,FORWARD,COD,149,D,Maharashtra,380018,2026-04-10+05:30,Swift,1000,298.54,,Shevgaon,B2C Shipping Services,
info@dermatouch.com,505733M7532696,#DERMA2738954,Delivered,FORWARD,Prepaid,269,D,Orissa,380018,2026-04-16+05:30,Swift,500,75.99,,Sonepur,B2C Shipping Services,
info@dermatouch.com,505733JQ0805460,#DERMA2679188,RTO Delivered,FORWARD,COD,298,D,Madhya Pradesh,380018,2026-04-06+05:30,Swift,1000,184.79,,Khargone,B2C Shipping Services,
info@dermatouch.com,505733M9539032,#DERMA2594825,RTO Delivered,FORWARD,COD,314,D,Maharashtra,380018,2026-04-11+05:30,Swift,500,38.23,,Washim,B2C Shipping Services,
info@dermatouch.com,505733JQ5871125,#DERMA2825431,Delivered,FORWARD,Prepaid,447,D,Maharashtra,380018,2026-04-12+05:30,Swift,500,75.99,,Erandol,B2C Shipping Services,
info@dermatouch.com,505733A2976839,#DERMA2834268,RTO In Transit,FORWARD,COD,158,D,Madhya Pradesh,380018,2026-05-01+05:30,Swift,500,151.98,,Dhar,B2C Shipping Services,
info@dermatouch.com,505733M9143175,#DERMA2969494,In Transit,FORWARD,COD,158,E,Jammu & Kashmir,380018,2026-05-02+05:30,Swift,1000,238.6,,Kathua,B2C Shipping Services,
info@dermatouch.com,505733JQ8505887,#DERMA2781608,Delivered,FORWARD,COD,149,D,Rajasthan,380018,2026-04-07+05:30,Swift,1000,187.03,,Jodhpur,B2C Shipping Services,
info@dermatouch.com,505733JQ4323633,#DERMA2918398,Shipment Delayed,FORWARD,COD,158,D,Maharashtra,380018,2026-05-01+05:30,Swift,1000,187.03,,Erandol,B2C Shipping Services,
info@dermatouch.com,505733A1992081,#DERMA2884579,Delivered,FORWARD,Prepaid,149,D,Punjab,380018,2026-04-26+05:30,Swift,500,75.99,,Mohali,B2C Shipping Services,
info@dermatouch.com,505733JP9043382,#DERMA2837986,Delivered,FORWARD,COD,158,B,Gujarat,380018,2026-04-14+05:30,Swift,500,92.04,,Vagara,B2C Shipping Services,
info@dermatouch.com,505733M2012070,#DERMA2827768,Delivered,FORWARD,Prepaid,149,D,Jharkhand,380018,2026-04-20+05:30,Swift,500,75.99,,Giridih,B2C Shipping Services,
info@dermatouch.com,505733JQ9732046,#DERMA2905239,RTO Delivered,FORWARD,COD,158,D,Bihar,380018,2026-04-29+05:30,Swift,500,151.98,,JAMUI,B2C Shipping Services,
info@dermatouch.com,505733JQ4685624,#DERMA2891126,RTO Delivered,FORWARD,COD,158,D,Maharashtra,380018,2026-04-28+05:30,Swift,500,151.98,,Kudus,B2C Shipping Services,
info@dermatouch.com,505733JQ4357280,#DERMA2754382,Delivered,FORWARD,COD,149,D,Orissa,380018,2026-04-06+05:30,Swift,500,113.75,,Puri,B2C Shipping Services,
info@dermatouch.com,505733JK7612590,#DERMA2836382,Delivered,FORWARD,COD,158,E,Himachal Pradesh,380018,2026-04-18+05:30,Swift,500,139.54,,Sirmaur,B2C Shipping Services,
info@dermatouch.com,505733M3745204,#DERMA2719825,RTO Delivered,FORWARD,COD,314,E,Assam,380018,2026-04-15+05:30,Swift,500,64.01,,Chamaria,B2C Shipping Services,
info@dermatouch.com,505733JQ2225214,#DERMA2797389,RTO In Transit,FORWARD,Prepaid,149,D,Maharashtra,380018,2026-05-01+05:30,Swift,500,151.98,,Rajgurunagar,B2C Shipping Services,
info@dermatouch.com,505733M8620815,#DERMA2879705,RTO In Transit,FORWARD,COD,158,D,Maharashtra,380018,2026-05-02+05:30,Swift,500,151.98,,WADWANI,B2C Shipping Services,
info@dermatouch.com,505733JQ7002480,#DERMA2871414,Delivered,FORWARD,COD,260,D,Maharashtra,380018,2026-04-22+05:30,Swift,500,113.75,,Ahmed Nagar,B2C Shipping Services,
info@dermatouch.com,505733JQ5688773,#DERMA2643208,RTO Delivered,FORWARD,COD,289,D,Maharashtra,380018,2026-04-11+05:30,Swift,500,38.23,,Erandol,B2C Shipping Services,
info@dermatouch.com,505733JQ7672816,#DERMA2860649,Delivered,FORWARD,COD,158,D,Tamil Nadu,380018,2026-04-18+05:30,Swift,1000,187.03,,Tiruchi,B2C Shipping Services,
info@dermatouch.com,505733M0427047,#DERMA2916393,In Transit,FORWARD,COD,158,E,Manipur,380018,2026-05-02+05:30,Swift,500,139.54,,KANGPOPKI,B2C Shipping Services,
info@dermatouch.com,505733A9285236,#DERMA2948594,Delivered,FORWARD,Prepaid,149,D,Bihar,380018,2026-04-27+05:30,Swift,500,75.99,,Khagaria,B2C Shipping Services,
info@dermatouch.com,505733M6445510,#DERMA2802618,RTO In Transit,FORWARD,COD,149,B,Gujarat,380018,2026-05-02+05:30,Swift,500,108.56,,SURAT,B2C Shipping Services,
info@dermatouch.com,505733JQ0521601,#DERMA2731985,Delivered,FORWARD,COD,149,D,Maharashtra,380018,2026-04-03+05:30,Swift,500,113.75,,Ambegoan,B2C Shipping Services,
info@dermatouch.com,505733M8996976,#DERMA2917228,In Transit,FORWARD,COD,208,E,Kerala,380018,2026-05-02+05:30,Swift,500,139.54,,Thalassery,B2C Shipping Services,
info@dermatouch.com,505733JQ7995892,#DERMA2789733,Delivered,FORWARD,COD,626,D,Maharashtra,380018,2026-04-18+05:30,Swift,500,113.75,,Rajgurunagar,B2C Shipping Services,
info@dermatouch.com,505733JQ1558937,#DERMA2646339,RTO Delivered,FORWARD,COD,289,D,Maharashtra,380018,2026-04-25+05:30,Swift,500,38.23,,Ahmed Nagar,B2C Shipping Services,
info@dermatouch.com,505733M5033153,#DERMA2904322,Undelivered,FORWARD,COD,278,E,Arunachal Pradesh,380018,2026-05-02+05:30,Swift,500,139.54,,East Kameng,B2C Shipping Services,
info@dermatouch.com,505733JQ5430261,#DERMA2722041,RTO Delivered,FORWARD,COD,149,D,Madhya Pradesh,380018,2026-04-09+05:30,Swift,500,38.23,,Khargone,B2C Shipping Services,
info@dermatouch.com,505733JP3854679,#DERMA2828820,Delivered,FORWARD,Prepaid,298,B,Gujarat,380018,2026-04-13+05:30,Swift,500,54.28,,Dahod,B2C Shipping Services,
info@dermatouch.com,505733JQ0330633,#DERMA2853863,Delivered,FORWARD,COD,158,D,Maharashtra,380018,2026-04-17+05:30,Swift,500,113.75,,Kudus,B2C Shipping Services,
info@dermatouch.com,505733JQ8211462,#DERMA2860089,Delivered,FORWARD,Prepaid,390,D,Maharashtra,380018,2026-04-20+05:30,Swift,500,75.99,,Latur,B2C Shipping Services,
info@dermatouch.com,505733JQ5235934,#DERMA2810708,RTO Delivered,FORWARD,COD,149,D,Maharashtra,380018,2026-04-25+05:30,Swift,500,151.98,,Erandol,B2C Shipping Services,
info@dermatouch.com,505733JP5480524,#DERMA2843020,Delivered,FORWARD,COD,158,B,Gujarat,380018,2026-04-18+05:30,Swift,500,92.04,,Lunawada,B2C Shipping Services,
info@dermatouch.com,505733JQ6980324,#DERMA2768327,Delivered,FORWARD,Prepaid,248,C,West Bengal,380018,2026-04-05+05:30,Swift,1000,138.41,,Kolkata,B2C Shipping Services,
info@dermatouch.com,505733M9166190,#DERMA2871055,Delivered,FORWARD,COD,158,D,Orissa,380018,2026-04-27+05:30,Swift,500,113.75,,KUCHINDA,B2C Shipping Services,
info@dermatouch.com,505733A2292845,#DERMA2846839,Delivered,FORWARD,COD,158,D,Maharashtra,380018,2026-04-18+05:30,Swift,500,113.75,,Aambad,B2C Shipping Services,
info@dermatouch.com,505733JQ2390627,#DERMA2931457,RTO In Transit,FORWARD,COD,158,D,Maharashtra,380018,2026-05-02+05:30,Swift,500,151.98,,Hingoli,B2C Shipping Services,
info@dermatouch.com,505733M4139171,#DERMA2836852,Delivered,FORWARD,Prepaid,149,D,Bihar,380018,2026-04-21+05:30,Swift,500,75.99,,Bagaha,B2C Shipping Services,
info@dermatouch.com,505733M6142792,#DERMA2832207,Delivered,FORWARD,Prepaid,149,D,Maharashtra,380018,2026-04-26+05:30,Swift,500,75.99,,Erandol,B2C Shipping Services,
info@dermatouch.com,505733A8152854,#DERMA2843513,RTO In Transit,FORWARD,COD,158,D,Rajasthan,380018,2026-04-27+05:30,Swift,500,151.98,,Neem Ka Thana,B2C Shipping Services,
info@dermatouch.com,505733A1698516,#DERMA2880355,Delivered,FORWARD,COD,406,D,Maharashtra,380018,2026-04-21+05:30,Swift,500,113.75,,Jawhar,B2C Shipping Services,
info@dermatouch.com,505733JQ1816081,#DERMA2953153,Delivered,FORWARD,COD,257,D,Jharkhand,380018,2026-04-28+05:30,Swift,500,113.75,,HANSDIHA,B2C Shipping Services,
info@dermatouch.com,505733JQ8778608,#DERMA2913903,RTO In Transit,FORWARD,COD,289,E,Assam,380018,2026-05-02+05:30,Swift,500,203.55,,Bilasipara,B2C Shipping Services,
info@dermatouch.com,505733M2091361,#DERMA2900064,In Transit,FORWARD,COD,158,D,Orissa,380018,2026-04-28+05:30,Swift,500,113.75,,TARBHA,B2C Shipping Services,
info@dermatouch.com,505733JQ7269669,#DERMA2679524,RTO Delivered,FORWARD,COD,314,D,Maharashtra,380018,2026-04-01+05:30,Swift,1000,146.56,,Erandol,B2C Shipping Services,
info@dermatouch.com,505733A7367542,#DERMA2835491,Delivered,FORWARD,COD,260,E,Assam,380018,2026-04-15+05:30,Swift,500,139.54,,Mangaldoi,B2C Shipping Services,
info@dermatouch.com,505733JQ6172309,#DERMA2984852,In Transit,FORWARD,COD,438,D,Maharashtra,380018,2026-05-02+05:30,Swift,500,113.75,,Hingoli,B2C Shipping Services,
info@dermatouch.com,505733JQ1361396,#DERMA2785261,RTO Delivered,FORWARD,COD,149,D,Maharashtra,380018,2026-04-30+05:30,Swift,500,151.98,,Rajgurunagar,B2C Shipping Services,
info@dermatouch.com,505733JQ9791621,#DERMA2950675,Delivered,FORWARD,COD,323,D,Maharashtra,380018,2026-04-29+05:30,Swift,500,113.75,,Erandol,B2C Shipping Services,
info@dermatouch.com,505733JQ6994838,#DERMA2921057,Delivered,FORWARD,Prepaid,629,D,Maharashtra,380018,2026-04-26+05:30,Swift,500,75.99,,Erandol,B2C Shipping Services,
info@dermatouch.com,505733M3620502,#DERMA2819820,Delivered,FORWARD,COD,269,E,Assam,380018,2026-04-27+05:30,Swift,500,139.54,,Kokrajhar,B2C Shipping Services,
info@dermatouch.com,505733M7764101,#DERMA2924140,Undelivered,FORWARD,COD,348,E,Assam,380018,2026-05-02+05:30,Swift,500,139.54,,NAGAON,B2C Shipping Services,
info@dermatouch.com,505733M2742379,#DERMA2833366,Delivered,FORWARD,COD,158,D,Chhattisgarh,380018,2026-04-15+05:30,Swift,500,113.75,,KORIYA,B2C Shipping Services,
info@dermatouch.com,505733M1943885,#DERMA2697393,Delivered,FORWARD,Prepaid,149,D,Rajasthan,380018,2026-04-15+05:30,Swift,500,75.99,,Jodhpur,B2C Shipping Services,
info@dermatouch.com,505733JQ5157175,#DERMA2639212,RTO Delivered,FORWARD,COD,149,D,Maharashtra,380018,2026-04-09+05:30,Swift,500,38.23,,Osmanabad,B2C Shipping Services,
info@dermatouch.com,505733M8229181,#DERMA2871016,RTO In Transit,FORWARD,COD,158,D,Orissa,380018,2026-05-02+05:30,Swift,500,151.98,,KUCHINDA,B2C Shipping Services,
info@dermatouch.com,505733JP8898295,#DERMA2332061,RTO Delivered,FORWARD,COD,149,B,Gujarat,380018,2026-04-11+05:30,Swift,500,16.52,,Banaskantha,B2C Shipping Services,
info@dermatouch.com,505733M2781536,#DERMA2732381,RTO In Transit,FORWARD,COD,298,D,Maharashtra,380018,2026-04-23+05:30,Swift,500,151.98,,Akola,B2C Shipping Services,
info@dermatouch.com,505733JQ7578011,#DERMA2795523,Delivered,FORWARD,COD,269,D,Maharashtra,380018,2026-04-13+05:30,Swift,500,113.75,,Ambegoan,B2C Shipping Services,
info@dermatouch.com,505733M5042299,#DERMA2851154,RTO In Transit,FORWARD,COD,158,E,Meghalaya,380018,2026-05-02+05:30,Swift,500,203.55,,West Garo Hills,B2C Shipping Services,
info@dermatouch.com,505733JQ0116273,#DERMA2794960,Delivered,FORWARD,COD,149,D,Maharashtra,380018,2026-04-20+05:30,Swift,500,113.75,,Rajgurunagar,B2C Shipping Services,
info@dermatouch.com,505733JQ4284736,#DERMA2671851,RTO Delivered,FORWARD,COD,149,D,Bihar,380018,2026-04-11+05:30,Swift,500,38.23,,Aurangabad(Bh),B2C Shipping Services,
info@dermatouch.com,505733JQ3380708,#DERMA2868759,Delivered,FORWARD,COD,158,D,Maharashtra,380018,2026-04-20+05:30,Swift,1000,187.03,,Ahmed Nagar,B2C Shipping Services,
info@dermatouch.com,505733M3962459,#DERMA2692272,RTO In Transit,FORWARD,COD,149,E,Assam,380018,2026-04-25+05:30,Swift,500,64.01,,Karimganj,B2C Shipping Services,
info@dermatouch.com,505733JQ7530339,#DERMA2652436,Delivered,FORWARD,Prepaid,149,D,Maharashtra,380018,2026-04-08+05:30,Swift,500,75.99,,Ahmed Nagar,B2C Shipping Services,
info@dermatouch.com,505733JQ0444286,#DERMA2681221,RTO Delivered,FORWARD,COD,447,D,Uttarakhand,380018,2026-04-12+05:30,Swift,1000,184.79,,Rudraprayag,B2C Shipping Services,
info@dermatouch.com,505733A1106348,#DERMA2769782,RTO In Transit,FORWARD,COD,502,E,Jammu & Kashmir,380018,2026-04-21+05:30,Swift,500,203.55,,Poonch,B2C Shipping Services,
info@dermatouch.com,505733M0324222,#DERMA2759627,Delivered,FORWARD,Prepaid,149,D,Maharashtra,380018,2026-04-14+05:30,Swift,500,75.99,,Jawhar,B2C Shipping Services,
info@dermatouch.com,505733M6367754,#DERMA2802234,Delivered,FORWARD,COD,149,E,Assam,380018,2026-04-19+05:30,Swift,500,139.54,,NAGAON,B2C Shipping Services,
info@dermatouch.com,505733JQ9502523,#DERMA2715640,RTO Delivered,FORWARD,COD,298,D,Maharashtra,380018,2026-04-10+05:30,Swift,500,38.23,,Greater Thane,B2C Shipping Services,
info@dermatouch.com,505733JQ9502494,#DERMA2932794,RTO In Transit,FORWARD,COD,307,D,Maharashtra,380018,2026-05-01+05:30,Swift,500,151.98,,Latur,B2C Shipping Services,
info@dermatouch.com,505733M2590611,#DERMA2921794,In Transit,FORWARD,COD,158,D,Rajasthan,380018,2026-05-02+05:30,Swift,500,113.75,,Luni,B2C Shipping Services,
info@dermatouch.com,505733JQ9707543,#DERMA2838327,RTO Delivered,FORWARD,COD,158,D,Maharashtra,380018,2026-04-27+05:30,Swift,500,151.98,,Ratnagiri,B2C Shipping Services,
info@dermatouch.com,505733A1092480,#DERMA2847513,Delivered,FORWARD,COD,158,D,Maharashtra,380018,2026-04-18+05:30,Swift,500,113.75,,Chiplun,B2C Shipping Services,
info@dermatouch.com,505733M6353636,#DERMA2884496,RTO In Transit,FORWARD,COD,158,D,Maharashtra,380018,2026-05-02+05:30,Swift,500,151.98,,Washim,B2C Shipping Services,
info@dermatouch.com,505733JQ3237325,#DERMA2780311,Delivered,FORWARD,COD,149,D,Maharashtra,380018,2026-04-19+05:30,Swift,500,113.75,,Rajgurunagar,B2C Shipping Services,
info@dermatouch.com,505733M4027763,#DERMA2950680,In Transit,FORWARD,COD,208,D,Uttar Pradesh,380018,2026-05-02+05:30,Swift,500,113.75,,Bahraich,B2C Shipping Services,
info@dermatouch.com,505733M4928654,#DERMA2862064,Delivered,FORWARD,COD,158,D,Chhattisgarh,380018,2026-04-28+05:30,Swift,500,113.75,,Berla,B2C Shipping Services,
info@dermatouch.com,505733JQ6540532,#DERMA2796378,Delivered,FORWARD,COD,149,D,Maharashtra,380018,2026-04-19+05:30,Swift,500,113.75,,Rajgurunagar,B2C Shipping Services,
info@dermatouch.com,505733JQ6422800,#DERMA2846947,Delivered,FORWARD,COD,158,D,Rajasthan,380018,2026-04-24+05:30,Swift,1000,187.03,,Jodhpur,B2C Shipping Services,
info@dermatouch.com,505733M7147284,#DERMA2972074,In Transit,FORWARD,COD,158,E,Assam,380018,2026-04-29+05:30,Swift,1000,238.6,,Bilasipara,B2C Shipping Services,
info@dermatouch.com,505733M9461085,#DERMA2894659,Delivered,FORWARD,COD,158,E,Jammu & Kashmir,380018,2026-04-28+05:30,Swift,500,139.54,,Jammu,B2C Shipping Services,
info@dermatouch.com,505733M7259969,#DERMA2869339,Delivered,FORWARD,COD,158,E,Jammu & Kashmir,380018,2026-04-25+05:30,Swift,500,139.54,,Kathua,B2C Shipping Services,
info@dermatouch.com,505733M8557169,#DERMA2836154,Delivered,FORWARD,COD,289,B,Gujarat,380018,2026-04-26+05:30,Swift,500,92.04,,SURAT,B2C Shipping Services,
info@dermatouch.com,505733M8391478,#DERMA2896106,RTO In Transit,FORWARD,COD,260,D,Maharashtra,380018,2026-05-01+05:30,Swift,500,151.98,,Baramati,B2C Shipping Services,
info@dermatouch.com,505733M8464970,#DERMA2790017,Delivered,FORWARD,COD,149,D,Uttar Pradesh,380018,2026-04-27+05:30,Swift,500,113.75,,Hardoi,B2C Shipping Services,
info@dermatouch.com,505733M6760370,#DERMA2974778,In Transit,FORWARD,COD,307,D,Maharashtra,380018,2026-05-02+05:30,Swift,500,113.75,,Atapadi,B2C Shipping Services,
info@dermatouch.com,505733JQ4187138,#DERMA2915804,Shipment Delayed,FORWARD,COD,278,D,Maharashtra,380018,2026-05-02+05:30,Swift,1000,187.03,,Ahmed Nagar,B2C Shipping Services,
info@dermatouch.com,505733JQ5709357,#DERMA2873985,RTO Delivered,FORWARD,COD,158,D,Maharashtra,380018,2026-04-25+05:30,Swift,500,151.98,,Hingoli,B2C Shipping Services,
info@dermatouch.com,505733M0862299,#DERMA2819867,Undelivered,FORWARD,COD,149,E,Assam,380018,2026-05-01+05:30,Swift,500,139.54,,NAGAON,B2C Shipping Services,
info@dermatouch.com,505733JQ9688027,#DERMA2782819,RTO Delivered,FORWARD,COD,149,D,Maharashtra,380018,2026-04-30+05:30,Swift,500,151.98,,Rajgurunagar,B2C Shipping Services,
info@dermatouch.com,505733JQ6021538,#DERMA2736542,RTO Delivered,FORWARD,COD,149,D,Maharashtra,380018,2026-04-11+05:30,Swift,500,151.98,,PACHORA,B2C Shipping Services,
info@dermatouch.com,505733JQ6922417,#DERMA2770860,Delivered,FORWARD,Prepaid,298,D,Maharashtra,380018,2026-04-06+05:30,Swift,500,75.99,,Latur,B2C Shipping Services,
info@dermatouch.com,505733JQ6417496,#DERMA2939805,Undelivered,FORWARD,COD,158,E,Himachal Pradesh,380018,2026-05-02+05:30,Swift,1000,238.6,,Bilaspur (HP),B2C Shipping Services,
info@dermatouch.com,505733M9803924,#DERMA2918361,In Transit,FORWARD,Prepaid,269,D,West Bengal,380018,2026-05-01+05:30,Swift,500,75.99,,Takdah,B2C Shipping Services,
info@dermatouch.com,505733JQ1572698,#DERMA2784638,RTO Delivered,FORWARD,Prepaid,251,D,Maharashtra,380018,2026-04-30+05:30,Swift,500,151.98,,Osmanabad,B2C Shipping Services,
info@dermatouch.com,505733JP0065880,#DERMA2693824,RTO Delivered,FORWARD,COD,149,B,Gujarat,380018,2026-04-07+05:30,Swift,1500,119.65,,Banaskantha,B2C Shipping Services,
info@dermatouch.com,505733M7988979,#DERMA2686994,Delivered,FORWARD,COD,149,E,Assam,380018,2026-04-10+05:30,Swift,500,139.54,,Karimganj,B2C Shipping Services,
info@dermatouch.com,505733JQ4069414,#DERMA2806256,RTO Delivered,FORWARD,COD,149,D,Maharashtra,380018,2026-04-30+05:30,Swift,500,151.98,,Rajgurunagar,B2C Shipping Services,
info@dermatouch.com,505733M1004570,#DERMA2709992,Delivered,FORWARD,COD,149,E,Assam,380018,2026-04-13+05:30,Swift,500,139.54,,Mangaldoi,B2C Shipping Services,
info@dermatouch.com,505733JQ5720778,#DERMA2858178,Delivered,FORWARD,Prepaid,149,D,Karnataka,380018,2026-04-18+05:30,Swift,500,75.99,,H D Kote,B2C Shipping Services,
info@dermatouch.com,505733JQ3085585,#DERMA2743313,Delivered,FORWARD,Prepaid,149,D,Maharashtra,380018,2026-04-07+05:30,Swift,500,75.99,,Ahmed Nagar,B2C Shipping Services,
info@dermatouch.com,505733M0705667,#DERMA2731869,Delivered,FORWARD,COD,298,D,Maharashtra,380018,2026-04-06+05:30,Swift,500,113.75,,Washim,B2C Shipping Services,
info@dermatouch.com,505733JQ4069366,#DERMA2786589,RTO Delivered,FORWARD,COD,491,D,Maharashtra,380018,2026-04-24+05:30,Swift,500,151.98,,Rajgurunagar,B2C Shipping Services,
info@dermatouch.com,505733M2257422,#DERMA2768465,Delivered,FORWARD,COD,298,D,Rajasthan,380018,2026-04-08+05:30,Swift,500,113.75,,Luni,B2C Shipping Services,
info@dermatouch.com,505733JQ7911819,#DERMA2569994,RTO Delivered,FORWARD,COD,491,D,Tamil Nadu,380018,2026-04-01+05:30,Swift,1000,146.56,,Tiruchi,B2C Shipping Services,
info@dermatouch.com,505733JP6884000,#DERMA2900780,Delivered,FORWARD,COD,307,B,Gujarat,380018,2026-04-23+05:30,Swift,500,92.04,,Banaskantha,B2C Shipping Services,
info@dermatouch.com,505733M2920333,#DERMA2871095,In Transit,FORWARD,COD,158,D,Bihar,380018,2026-04-27+05:30,Swift,500,113.75,,Bagaha,B2C Shipping Services,
info@dermatouch.com,505733EA9558428,#DERMA2643803,Delivered,FORWARD,Prepaid,149,E,Kerala,380018,2026-04-10+05:30,Swift,500,101.78,,Marayoor,B2C Shipping Services,
info@dermatouch.com,505733JP5900605,#DERMA2945697,Undelivered,FORWARD,COD,289,B,Gujarat,380018,2026-05-02+05:30,Swift,500,92.04,,Dahod,B2C Shipping Services,
info@dermatouch.com,505733JQ2653455,#DERMA2900158,RTO In Transit,FORWARD,COD,208,E,Assam,380018,2026-05-02+05:30,Swift,500,203.55,,Bilasipara,B2C Shipping Services,
info@dermatouch.com,505733M2258326,#DERMA2847874,RTO In Transit,FORWARD,COD,323,D,Maharashtra,380018,2026-04-22+05:30,Swift,500,151.98,,Jawhar,B2C Shipping Services,
info@dermatouch.com,505733JP7757957,#DERMA2821384,RTO Delivered,FORWARD,COD,149,B,Gujarat,380018,2026-04-23+05:30,Swift,500,108.56,,Vagara,B2C Shipping Services,
info@dermatouch.com,505733JP6214523,#DERMA2754675,Delivered,FORWARD,Prepaid,149,B,Gujarat,380018,2026-04-07+05:30,Swift,500,54.28,,Vagara,B2C Shipping Services,
info@dermatouch.com,505733JQ8126606,#DERMA2789425,Delivered,FORWARD,Prepaid,149,D,Maharashtra,380018,2026-04-10+05:30,Swift,500,75.99,,Rajgurunagar,B2C Shipping Services,
info@dermatouch.com,505733JQ6763030,#DERMA2803168,RTO Delivered,FORWARD,COD,149,D,Maharashtra,380018,2026-04-23+05:30,Swift,500,151.98,,Aurangabad,B2C Shipping Services,
info@dermatouch.com,505733JQ0386434,#DERMA2792612,Delivered,FORWARD,Prepaid,149,D,Maharashtra,380018,2026-04-19+05:30,Swift,500,75.99,,Rajgurunagar,B2C Shipping Services,
info@dermatouch.com,505733M1175058,#DERMA2640306,Delivered,FORWARD,Prepaid,149,E,Assam,380018,2026-04-10+05:30,Swift,500,101.78,,NAGAON,B2C Shipping Services,
info@dermatouch.com,505733JQ9102592,#DERMA2778512,Delivered,FORWARD,COD,289,D,Maharashtra,380018,2026-04-20+05:30,Swift,500,113.75,,PACHORA,B2C Shipping Services,
info@dermatouch.com,505733M4407685,#DERMA2824815,In Transit,FORWARD,COD,149,E,Jammu & Kashmir,380018,2026-05-02+05:30,Swift,500,139.54,,Kupwara,B2C Shipping Services,
info@dermatouch.com,505733JQ6626218,#DERMA2836842,RTO Delivered,FORWARD,COD,158,D,Maharashtra,380018,2026-04-23+05:30,Swift,500,151.98,,Erandol,B2C Shipping Services,
info@dermatouch.com,505733A8665874,#DERMA2851126,RTO In Transit,FORWARD,COD,158,A,Gujarat,380018,2026-04-20+05:30,Swift,500,92.28,,Ahmedabad,B2C Shipping Services,
info@dermatouch.com,505733JQ2187491,#DERMA2811060,RTO Delivered,FORWARD,COD,458,D,Maharashtra,380018,2026-04-19+05:30,Swift,500,151.98,,Gondia,B2C Shipping Services,
info@dermatouch.com,505733JQ2608946,#DERMA2798436,RTO In Transit,FORWARD,COD,149,D,Maharashtra,380018,2026-05-01+05:30,Swift,500,151.98,,Rajgurunagar,B2C Shipping Services,
info@dermatouch.com,505733A6549751,#DERMA2875786,Delivered,FORWARD,Prepaid,149,E,Jammu & Kashmir,380018,2026-04-30+05:30,Swift,500,101.78,,Chadora Budgam,B2C Shipping Services,
info@dermatouch.com,505733M9302679,#DERMA2774966,Delivered,FORWARD,Prepaid,269,D,Karnataka,380018,2026-04-07+05:30,Swift,500,75.99,,Kittur,B2C Shipping Services,
info@dermatouch.com,505733JQ2878851,#DERMA2841785,RTO In Transit,FORWARD,COD,158,D,Rajasthan,380018,2026-05-02+05:30,Swift,500,151.98,,Jodhpur,B2C Shipping Services,
info@dermatouch.com,505733JQ5144118,#DERMA2877119,Delivered,FORWARD,Prepaid,280,D,Maharashtra,380018,2026-04-20+05:30,Swift,500,75.99,,Ratnagiri,B2C Shipping Services,
info@dermatouch.com,505733JP1936605,#DERMA2993518,In Transit,FORWARD,COD,138,B,Gujarat,380018,2026-05-02+05:30,Swift,500,92.04,,Vagara,B2C Shipping Services,
info@dermatouch.com,505733JQ3031379,#DERMA2719330,RTO Delivered,FORWARD,COD,328,D,Rajasthan,380018,2026-04-11+05:30,Swift,500,38.23,,Jodhpur,B2C Shipping Services,
info@dermatouch.com,505733JQ5447566,#DERMA2755584,RTO Delivered,FORWARD,COD,149,D,Orissa,380018,2026-04-12+05:30,Swift,500,151.98,,Puri,B2C Shipping Services,
info@dermatouch.com,505733JP0951883,#DERMA2920233,Delivered,FORWARD,COD,158,B,Gujarat,380018,2026-04-24+05:30,Swift,500,92.04,,Banaskantha,B2C Shipping Services,
info@dermatouch.com,505733JQ6264020,#DERMA2880331,RTO In Transit,FORWARD,COD,158,D,Maharashtra,380018,2026-05-02+05:30,Swift,500,151.98,,Hingoli,B2C Shipping Services,
info@dermatouch.com,505733M0205391,#DERMA2919027,In Transit,FORWARD,COD,323,D,Uttar Pradesh,380018,2026-05-02+05:30,Swift,500,113.75,,Tulsipur,B2C Shipping Services,
info@dermatouch.com,505733JP8549055,#DERMA2836209,RTO Delivered,FORWARD,COD,158,B,Gujarat,380018,2026-04-27+05:30,Swift,500,108.56,,Vagara,B2C Shipping Services,
info@dermatouch.com,505733M5148254,#DERMA2698651,RTO Delivered,FORWARD,COD,149,D,Bihar,380018,2026-04-14+05:30,Swift,500,151.98,,Naugachia,B2C Shipping Services,
info@dermatouch.com,505733JQ0083559,#DERMA2725609,Delivered,FORWARD,COD,149,D,Madhya Pradesh,380018,2026-04-06+05:30,Swift,1000,187.03,,Bhind,B2C Shipping Services,
info@dermatouch.com,505733M1602699,#DERMA2900509,RTO In Transit,FORWARD,COD,158,E,Assam,380018,2026-05-02+05:30,Swift,500,203.55,,Dhupdhara,B2C Shipping Services,
info@dermatouch.com,505733JQ2765031,#DERMA2787509,RTO Delivered,FORWARD,COD,149,D,Rajasthan,380018,2026-04-21+05:30,Swift,500,151.98,,Jodhpur,B2C Shipping Services,
info@dermatouch.com,505733JQ2790002,#DERMA2986951,In Transit,FORWARD,Prepaid,298,D,Uttar Pradesh,380018,2026-05-02+05:30,Swift,500,75.99,,Robertsganj,B2C Shipping Services,
info@dermatouch.com,505733JQ8434729,#DERMA2794817,Delivered,FORWARD,Prepaid,149,D,Maharashtra,380018,2026-04-20+05:30,Swift,500,75.99,,Rajgurunagar,B2C Shipping Services,
info@dermatouch.com,505733JQ8723978,#DERMA2839531,RTO Delivered,FORWARD,COD,158,D,Orissa,380018,2026-04-23+05:30,Swift,1000,298.54,,Nirakarpur,B2C Shipping Services,
info@dermatouch.com,505733JQ6396145,#DERMA2915381,Shipment Delayed,FORWARD,COD,158,D,Maharashtra,380018,2026-05-01+05:30,Swift,1000,187.03,,Erandol,B2C Shipping Services,
info@dermatouch.com,505733M2901105,#DERMA2808925,RTO In Transit,FORWARD,COD,149,D,Bihar,380018,2026-05-01+05:30,Swift,500,151.98,,Bagaha,B2C Shipping Services,
info@dermatouch.com,505733JQ8723862,#DERMA2839963,RTO Delivered,FORWARD,COD,307,D,Bihar,380018,2026-04-25+05:30,Swift,500,151.98,,Buxar,B2C Shipping Services,
info@dermatouch.com,505733M1351756,#DERMA2653878,RTO Delivered,FORWARD,COD,149,D,Karnataka,380018,2026-04-16+05:30,Swift,1500,184.79,,Afzalpur,B2C Shipping Services,
info@dermatouch.com,505733JQ5407570,#DERMA2803693,Delivered,FORWARD,Prepaid,298,D,Maharashtra,380018,2026-04-19+05:30,Swift,500,75.99,,Rajgurunagar,B2C Shipping Services,
info@dermatouch.com,505733JQ6009134,#DERMA2884610,RTO In Transit,FORWARD,COD,158,D,Rajasthan,380018,2026-05-02+05:30,Swift,1000,298.54,,Jodhpur,B2C Shipping Services,
info@dermatouch.com,505733JQ9616787,#DERMA2818324,Delivered,FORWARD,Prepaid,1062,D,Maharashtra,380018,2026-04-18+05:30,Swift,1000,149.27,,Hingoli,B2C Shipping Services,
info@dermatouch.com,505733JQ9240373,#DERMA2785305,RTO Delivered,FORWARD,COD,149,D,Maharashtra,380018,2026-04-30+05:30,Swift,500,151.98,,Rajgurunagar,B2C Shipping Services,
info@dermatouch.com,505733JQ9156570,#DERMA2899302,Delivered,FORWARD,COD,307,D,Maharashtra,380018,2026-04-23+05:30,Swift,500,113.75,,Erandol,B2C Shipping Services,
info@dermatouch.com,505733JP2642696,#DERMA2874734,Delivered,FORWARD,Prepaid,149,B,Gujarat,380018,2026-04-27+05:30,Swift,500,54.28,,Vadodara,B2C Shipping Services,
info@dermatouch.com,505733M6854003,#DERMA2955572,In Transit,FORWARD,COD,158,D,Maharashtra,380018,2026-05-02+05:30,Swift,500,113.75,,Washim,B2C Shipping Services,
info@dermatouch.com,505733JQ0983374,#DERMA2906713,Delivered,FORWARD,COD,158,D,Rajasthan,380018,2026-04-29+05:30,Swift,500,113.75,,Jodhpur,B2C Shipping Services,
info@dermatouch.com,505733JQ2252487,#DERMA2740264,Delivered,FORWARD,Prepaid,149,D,Maharashtra,380018,2026-04-13+05:30,Swift,500,75.99,,Ratnagiri,B2C Shipping Services,
info@dermatouch.com,505733JQ3309702,#DERMA2786570,Delivered,FORWARD,COD,298,D,Uttar Pradesh,380018,2026-04-06+05:30,Swift,1000,187.03,,Sambhal,B2C Shipping Services,
info@dermatouch.com,505733M7686126,#DERMA2674152,Delivered,FORWARD,COD,149,D,Maharashtra,380018,2026-04-07+05:30,Swift,500,113.75,,Nanded,B2C Shipping Services,
info@dermatouch.com,505733JQ4791385,#DERMA2846530,Delivered,FORWARD,Prepaid,149,D,Maharashtra,380018,2026-04-24+05:30,Swift,500,75.99,,Rajgurunagar,B2C Shipping Services,
info@dermatouch.com,505733JQ1546086,#DERMA3013256,In Transit,FORWARD,COD,158,D,Maharashtra,380018,2026-05-02+05:30,Swift,500,113.75,,Sillod,B2C Shipping Services,
info@dermatouch.com,505733JQ2154271,#DERMA3009859,In Transit,FORWARD,COD,158,D,Maharashtra,380018,2026-05-02+05:30,Swift,500,113.75,,Hingoli,B2C Shipping Services,
info@dermatouch.com,505733JQ9156472,#DERMA2782978,RTO Delivered,FORWARD,COD,149,D,Maharashtra,380018,2026-04-26+05:30,Swift,500,151.98,,Rajgurunagar,B2C Shipping Services,
info@dermatouch.com,505733A5241566,#DERMA2779077,RTO In Transit,FORWARD,Prepaid,149,D,Bihar,380018,2026-04-22+05:30,Swift,500,151.98,,Manjhaul,B2C Shipping Services,
info@dermatouch.com,505733JQ5466966,#DERMA2932729,Undelivered,FORWARD,COD,158,D,Maharashtra,380018,2026-05-02+05:30,Swift,500,113.75,,Latur,B2C Shipping Services,
info@dermatouch.com,505733M9165848,#DERMA2942876,In Transit,FORWARD,COD,158,D,Bihar,380018,2026-05-02+05:30,Swift,500,113.75,,Bagaha,B2C Shipping Services,
info@dermatouch.com,505733M4531924,#DERMA2912372,In Transit,FORWARD,COD,158,D,Bihar,380018,2026-04-27+05:30,Swift,500,113.75,,Bagaha,B2C Shipping Services,
info@dermatouch.com,505733JQ6093248,#DERMA2875382,RTO In Transit,FORWARD,COD,208,D,Maharashtra,380018,2026-05-02+05:30,Swift,500,151.98,,Kudus,B2C Shipping Services,
info@dermatouch.com,505733A3849956,#DERMA2738178,Delivered,FORWARD,COD,1073,E,Assam,380018,2026-04-14+05:30,Swift,2000,436.72,,Dhubri,B2C Shipping Services,
info@dermatouch.com,505733A6600594,#DERMA2830144,Delivered,FORWARD,COD,158,D,Bihar,380018,2026-04-26+05:30,Swift,500,113.75,,Kahalgaon,B2C Shipping Services,
info@dermatouch.com,505733M6130126,#DERMA2724215,RTO Delivered,FORWARD,COD,149,D,Maharashtra,380018,2026-04-21+05:30,Swift,500,151.98,,Washim,B2C Shipping Services,
info@dermatouch.com,505733JQ8316473,#DERMA2786524,Delivered,FORWARD,COD,149,D,Maharashtra,380018,2026-04-09+05:30,Swift,500,113.75,,Shevgaon,B2C Shipping Services,
info@dermatouch.com,505733JQ6935610,#DERMA2972125,In Transit,FORWARD,COD,158,D,Maharashtra,380018,2026-05-02+05:30,Swift,500,113.75,,Hingoli,B2C Shipping Services,
info@dermatouch.com,505733JP9373019,#DERMA2892830,Delivered,FORWARD,Prepaid,149,B,Gujarat,380018,2026-04-27+05:30,Swift,500,54.28,,Amreli,B2C Shipping Services,
info@dermatouch.com,505733JQ4482741,#DERMA2814591,Delivered,FORWARD,COD,359,D,Madhya Pradesh,380018,2026-04-11+05:30,Swift,500,113.75,,Khargone,B2C Shipping Services,
info@dermatouch.com,505733JQ9352476,#DERMA2915024,Delivered,FORWARD,COD,158,D,Uttar Pradesh,380018,2026-04-30+05:30,Swift,1000,187.03,,Bahraich,B2C Shipping Services,
info@dermatouch.com,505733M1272828,#DERMA2834797,In Transit,FORWARD,COD,158,D,Maharashtra,380018,2026-05-02+05:30,Swift,500,113.75,,Nanded,B2C Shipping Services,
info@dermatouch.com,505733JQ6587789,#DERMA2897015,RTO Delivered,FORWARD,COD,158,D,Bihar,380018,2026-04-29+05:30,Swift,500,151.98,,JAMUI,B2C Shipping Services,
info@dermatouch.com,505733M0438446,#DERMA2928291,Undelivered,FORWARD,Prepaid,149,D,Maharashtra,380018,2026-05-01+05:30,Swift,500,75.99,,Akola,B2C Shipping Services,
info@dermatouch.com,505733JQ2867065,#DERMA2768111,Delivered,FORWARD,Prepaid,1173,D,Bihar,380018,2026-04-07+05:30,Swift,1000,149.27,,JAMUI,B2C Shipping Services,
info@dermatouch.com,505733M5249394,#DERMA2858700,In Transit,FORWARD,COD,576,D,Uttar Pradesh,380018,2026-05-02+05:30,Swift,500,113.75,,Bahraich,B2C Shipping Services,
info@dermatouch.com,505733EA1589203,#DERMA2765430,Delivered,FORWARD,Prepaid,400,D,Maharashtra,380018,2026-04-15+05:30,Swift,500,75.99,,Buldhana,B2C Shipping Services,
info@dermatouch.com,505733M1774067,#DERMA2920350,Undelivered,FORWARD,COD,158,E,Assam,380018,2026-05-01+05:30,Swift,500,139.54,,NAGAON,B2C Shipping Services,
info@dermatouch.com,505733M0811766,#DERMA2771245,Delivered,FORWARD,COD,149,D,Uttar Pradesh,380018,2026-04-16+05:30,Swift,500,113.75,,Hardoi,B2C Shipping Services,
info@dermatouch.com,505733JQ9078260,#DERMA2710856,Delivered,FORWARD,Prepaid,149,D,West Bengal,380018,2026-04-07+05:30,Swift,500,75.99,,Darjiling,B2C Shipping Services,
info@dermatouch.com,505733JQ2050142,#DERMA2949949,Undelivered,FORWARD,COD,307,D,Uttar Pradesh,380018,2026-04-30+05:30,Swift,500,113.75,,Bahraich,B2C Shipping Services,
info@dermatouch.com,505733M6947167,#DERMA2923374,RTO In Transit,FORWARD,COD,158,D,Karnataka,380018,2026-05-02+05:30,Swift,500,151.98,,KORTHI KOLAR,B2C Shipping Services,
info@dermatouch.com,505733BN2292832,marking,Lost,FORWARD,Prepaid,1000,E,Himachal Pradesh,380023,2026-04-27+05:30,Swift,8500,1686.75,,Baddi,B2C Shipping Services,
info@dermatouch.com,505733JQ8825319,#DERMA2799513,Delivered,FORWARD,COD,149,D,Maharashtra,380018,2026-04-21+05:30,Swift,500,113.75,,Rajgurunagar,B2C Shipping Services,
info@dermatouch.com,505733M9129625,#DERMA2889590,Undelivered,FORWARD,COD,158,D,Jharkhand,380018,2026-05-02+05:30,Swift,500,113.75,,JAMSHEDPUR_JHARKHAND,B2C Shipping Services,
info@dermatouch.com,505733M5117930,#DERMA2715406,RTO Delivered,FORWARD,Prepaid,149,D,Rajasthan,380018,2026-04-28+05:30,Swift,1000,149.27,,Luni,B2C Shipping Services,
info@dermatouch.com,505733JP3668130,#DERMA2849002,Delivered,FORWARD,Prepaid,269,B,Gujarat,380018,2026-04-18+05:30,Swift,500,54.28,,Banaskantha,B2C Shipping Services,
info@dermatouch.com,505733JQ7130504,#DERMA2748847,RTO Delivered,FORWARD,COD,149,D,Jharkhand,380018,2026-04-14+05:30,Swift,500,151.98,,East Singhbhum,B2C Shipping Services,
info@dermatouch.com,505733JQ2367607,#DERMA2888829,Delivered,FORWARD,COD,260,D,Madhya Pradesh,380018,2026-04-20+05:30,Swift,500,113.75,,Khargone,B2C Shipping Services,
info@dermatouch.com,505733JQ2597708,#DERMA2803619,Delivered,FORWARD,COD,149,D,Bihar,380018,2026-04-11+05:30,Swift,500,113.75,,Saharsa,B2C Shipping Services,
info@dermatouch.com,505733M7496875,#DERMA2943373,In Transit,FORWARD,COD,158,E,Assam,380018,2026-04-29+05:30,Swift,1000,238.6,,NAGAON,B2C Shipping Services,
info@dermatouch.com,505733M4646164,#DERMA2735137,Delivered,FORWARD,COD,149,D,Maharashtra,380018,2026-04-15+05:30,Swift,500,113.75,,Jalna,B2C Shipping Services,
info@dermatouch.com,505733M2949790,#DERMA2875130,In Transit,FORWARD,COD,555,D,Karnataka,380018,2026-05-02+05:30,Swift,500,113.75,,VIRAJPET_KARNATAKA,B2C Shipping Services,
info@dermatouch.com,505733JP8597249,#DERMA2873524,Delivered,FORWARD,COD,158,B,Gujarat,380018,2026-04-20+05:30,Swift,500,92.04,,Dahod,B2C Shipping Services,
info@dermatouch.com,505733JQ5013609,#DERMA3007932,In Transit,FORWARD,COD,158,D,Bihar,380018,2026-05-02+05:30,Swift,500,113.75,,Nawada,B2C Shipping Services,
info@dermatouch.com,505733JK4667462,#DERMA2824679,Delivered,FORWARD,COD,149,D,Madhya Pradesh,380018,2026-04-13+05:30,Swift,500,113.75,,Khargone,B2C Shipping Services,
info@dermatouch.com,505733M1999135,#DERMA2614308,Delivered,FORWARD,Prepaid,129,E,Jammu & Kashmir,380018,2026-04-07+05:30,Swift,500,101.78,,Kathua,B2C Shipping Services,
info@dermatouch.com,505733M8604747,#DERMA2686472,RTO Delivered,FORWARD,Prepaid,491,D,Chhattisgarh,380018,2026-04-14+05:30,Swift,500,75.99,,Surajpur,B2C Shipping Services,
info@dermatouch.com,505733JQ8746999,#DERMA2802153,Delivered,FORWARD,COD,149,D,Maharashtra,380018,2026-04-20+05:30,Swift,500,113.75,,Rajgurunagar,B2C Shipping Services,
info@dermatouch.com,505733JQ7723408,#DERMA2795201,Delivered,FORWARD,COD,149,D,Maharashtra,380018,2026-04-19+05:30,Swift,500,113.75,,Rajgurunagar,B2C Shipping Services,
info@dermatouch.com,505733JQ3343560,#DERMA2912596,Delivered,FORWARD,COD,307,D,Maharashtra,380018,2026-04-26+05:30,Swift,500,113.75,,Erandol,B2C Shipping Services,
info@dermatouch.com,505733M8472529,#DERMA2797858,Delivered,FORWARD,COD,149,E,Tripura,380018,2026-04-30+05:30,Swift,500,139.54,,AGARTALA,B2C Shipping Services,
info@dermatouch.com,505733JP4085097,#DERMA2746524,Delivered,FORWARD,COD,149,B,Gujarat,380018,2026-04-05+05:30,Swift,1000,143.61,,Banaskantha,B2C Shipping Services,
info@dermatouch.com,505733JQ7468107,#DERMA2709928,RTO Delivered,FORWARD,COD,149,D,Orissa,380018,2026-04-21+05:30,Swift,500,38.23,,Puri,B2C Shipping Services,
info@dermatouch.com,505733M6341394,#DERMA2913492,RTO In Transit,FORWARD,COD,158,D,Bihar,380018,2026-04-30+05:30,Swift,500,151.98,,Naugachia,B2C Shipping Services,
info@dermatouch.com,505733M0673387,#DERMA2831154,Delivered,FORWARD,COD,158,D,Maharashtra,380018,2026-04-20+05:30,Swift,500,113.75,,Jawhar,B2C Shipping Services,
info@dermatouch.com,505733M8413739,#DERMA2799487,Delivered,FORWARD,COD,495,E,Assam,380018,2026-04-15+05:30,Swift,500,139.54,,NAGAON,B2C Shipping Services,
info@dermatouch.com,505733A4261004,#DERMA2945718,Undelivered,FORWARD,COD,289,D,Tamil Nadu,380018,2026-05-02+05:30,Swift,500,113.75,,Cuddalore,B2C Shipping Services,
info@dermatouch.com,505733JQ5492000,#DERMA2634199,RTO Delivered,FORWARD,COD,149,C,Delhi,380018,2026-04-05+05:30,Swift,1000,100.66,,Delhi,B2C Shipping Services,
info@dermatouch.com,505733JQ2813481,#DERMA2792985,RTO Delivered,FORWARD,COD,298,D,Uttar Pradesh,380018,2026-04-24+05:30,Swift,500,151.98,,Rasulabad,B2C Shipping Services,
info@dermatouch.com,505733JQ3191335,#DERMA2887752,Delivered,FORWARD,Prepaid,149,C,Telangana,380018,2026-04-28+05:30,Swift,500,70.56,,Hyderabad,B2C Shipping Services,
info@dermatouch.com,505733JQ9853177,#DERMA2930274,Delivered,FORWARD,COD,307,D,Jharkhand,380018,2026-04-27+05:30,Swift,500,113.75,,Dumka,B2C Shipping Services,
info@dermatouch.com,505733JQ9965627,#DERMA2846606,Delivered,FORWARD,COD,158,D,Rajasthan,380018,2026-04-29+05:30,Swift,1000,187.03,,Churu,B2C Shipping Services,
info@dermatouch.com,505733JP1233760,#DERMA2837008,Delivered,FORWARD,COD,158,B,Gujarat,380018,2026-04-18+05:30,Swift,500,92.04,,Lunawada,B2C Shipping Services,
info@dermatouch.com,505733JQ0622329,#DERMA2797549,RTO In Transit,FORWARD,COD,149,D,Rajasthan,380018,2026-05-02+05:30,Swift,500,151.98,,Jodhpur,B2C Shipping Services,
info@dermatouch.com,505733A0619922,#DERMA2716302,RTO Delivered,FORWARD,COD,298,D,Uttar Pradesh,380018,2026-04-13+05:30,Swift,500,38.23,,Atrauli,B2C Shipping Services,
info@dermatouch.com,505733M3386834,#DERMA2913973,Undelivered,FORWARD,COD,158,D,Rajasthan,380018,2026-05-02+05:30,Swift,500,113.75,,Dungarpur,B2C Shipping Services,
info@dermatouch.com,505733JQ0959350,#DERMA2795073,Delivered,FORWARD,Prepaid,149,D,Maharashtra,380018,2026-04-20+05:30,Swift,500,75.99,,Rajgurunagar,B2C Shipping Services,
info@dermatouch.com,505733JQ0681093,#DERMA2941773,Delivered,FORWARD,COD,158,D,Rajasthan,380018,2026-04-27+05:30,Swift,1000,187.03,,Jodhpur,B2C Shipping Services,
info@dermatouch.com,505733JQ6890288,#DERMA2708753,RTO Delivered,FORWARD,COD,149,D,Maharashtra,380018,2026-04-25+05:30,Swift,500,151.98,,PACHORA,B2C Shipping Services,
info@dermatouch.com,505733JP0337812,#DERMA2950534,Delivered,FORWARD,Prepaid,149,B,Gujarat,380018,2026-04-27+05:30,Swift,500,54.28,,Amreli,B2C Shipping Services,
info@dermatouch.com,505733JQ5658780,#DERMA2782126,RTO Delivered,FORWARD,COD,149,D,Maharashtra,380018,2026-04-30+05:30,Swift,500,151.98,,Rajgurunagar,B2C Shipping Services,
info@dermatouch.com,505733JQ5703011,#DERMA2968947,In Transit,FORWARD,COD,278,D,Maharashtra,380018,2026-05-02+05:30,Swift,1000,187.03,,Erandol,B2C Shipping Services,
info@dermatouch.com,505733A9071970,#DERMA2879670,Delivered,FORWARD,Prepaid,149,D,Uttar Pradesh,380018,2026-04-29+05:30,Swift,500,75.99,,Agra,B2C Shipping Services,
info@dermatouch.com,505733JQ8712260,#DERMA2849459,RTO Delivered,FORWARD,COD,158,D,Bihar,380018,2026-04-27+05:30,Swift,500,151.98,,Saharsa,B2C Shipping Services,
info@dermatouch.com,505733M2377507,#DERMA2864375,RTO In Transit,FORWARD,COD,158,D,Bihar,380018,2026-05-01+05:30,Swift,500,151.98,,Naugachia,B2C Shipping Services,
info@dermatouch.com,505733JQ4517236,#DERMA2804613,RTO Delivered,FORWARD,COD,149,D,Maharashtra,380018,2026-04-30+05:30,Swift,500,151.98,,Rajgurunagar,B2C Shipping Services,
info@dermatouch.com,505733M4495941,#DERMA2875213,RTO In Transit,FORWARD,COD,278,D,Chhattisgarh,380018,2026-05-02+05:30,Swift,500,151.98,,Surajpur,B2C Shipping Services,
info@dermatouch.com,505733JQ1048418,#DERMA2780058,Delivered,FORWARD,Prepaid,298,D,Maharashtra,380018,2026-04-06+05:30,Swift,1000,149.27,,Aurangabad,B2C Shipping Services,
info@dermatouch.com,505733JQ7125803,#DERMA2786880,RTO Delivered,FORWARD,COD,149,D,Tamil Nadu,380018,2026-04-28+05:30,Swift,500,151.98,,Dindigul,B2C Shipping Services,
info@dermatouch.com,505733JP4355288,#DERMA3009015,In Transit,FORWARD,COD,158,B,Gujarat,380018,2026-05-02+05:30,Swift,500,92.04,,Vagara,B2C Shipping Services,
info@dermatouch.com,505733JQ7888738,#DERMA2699585,RTO Delivered,FORWARD,COD,289,D,Jharkhand,380018,2026-04-26+05:30,Swift,500,151.98,,Chatra,B2C Shipping Services,
info@dermatouch.com,505733JQ8437754,#DERMA2783500,RTO Delivered,FORWARD,COD,149,D,Maharashtra,380018,2026-04-14+05:30,Swift,500,151.98,,Aurangabad,B2C Shipping Services,
info@dermatouch.com,505733JP0171215,#DERMA2621255,RTO Delivered,FORWARD,COD,298,B,Gujarat,380018,2026-04-11+05:30,Swift,1000,119.65,,Limbdi,B2C Shipping Services,
info@dermatouch.com,505733JQ8799544,#DERMA2882962,RTO In Transit,FORWARD,Prepaid,255,D,Maharashtra,380018,2026-05-02+05:30,Swift,500,151.98,,Kudus,B2C Shipping Services,
info@dermatouch.com,505733JQ7487060,#DERMA2855640,Delivered,FORWARD,COD,158,D,Maharashtra,380018,2026-04-22+05:30,Swift,500,113.75,,Kudus,B2C Shipping Services,
info@dermatouch.com,505733JQ6767393,#DERMA2806224,RTO Delivered,FORWARD,COD,149,D,Maharashtra,380018,2026-04-30+05:30,Swift,500,151.98,,Rajgurunagar,B2C Shipping Services,
info@dermatouch.com,505733JQ5986435,#DERMA2869648,Delivered,FORWARD,COD,158,D,Maharashtra,380018,2026-04-18+05:30,Swift,500,113.75,,Hingoli,B2C Shipping Services,
info@dermatouch.com,505733M9017846,#DERMA2933925,In Transit,FORWARD,COD,486,D,Maharashtra,380018,2026-05-02+05:30,Swift,500,113.75,,Atapadi,B2C Shipping Services,
info@dermatouch.com,505733A7467670,#DERMA2836121,RTO In Transit,FORWARD,Prepaid,149,D,Maharashtra,380018,2026-05-02+05:30,Swift,500,151.98,,Ratnagiri,B2C Shipping Services,
info@dermatouch.com,505733M9233039,#DERMA2718359,RTO Delivered,FORWARD,COD,298,D,Tamil Nadu,380018,2026-04-22+05:30,Swift,500,151.98,,Hosur,B2C Shipping Services,
info@dermatouch.com,505733JQ1496249,#DERMA2918235,Delivered,FORWARD,COD,260,D,Orissa,380018,2026-04-26+05:30,Swift,500,113.75,,Nirakarpur,B2C Shipping Services,
info@dermatouch.com,505733M0477515,#DERMA2819151,RTO In Transit,FORWARD,COD,149,D,Maharashtra,380018,2026-05-02+05:30,Swift,500,151.98,,Jawhar,B2C Shipping Services,
info@dermatouch.com,505733M7609359,#DERMA2804222,RTO In Transit,FORWARD,COD,269,D,Rajasthan,380018,2026-04-29+05:30,Swift,500,151.98,,Luni,B2C Shipping Services,
info@dermatouch.com,505733JQ7150340,#DERMA2782314,Delivered,FORWARD,COD,149,D,Maharashtra,380018,2026-04-20+05:30,Swift,1000,187.03,,Rajgurunagar,B2C Shipping Services,
info@dermatouch.com,505733JP2893761,#DERMA2753950,RTO Delivered,FORWARD,COD,149,B,Gujarat,380018,2026-04-16+05:30,Swift,500,108.56,,Rajkot,B2C Shipping Services,
info@dermatouch.com,505733JQ9098123,#DERMA2866155,RTO In Transit,FORWARD,COD,158,D,Maharashtra,380018,2026-05-02+05:30,Swift,500,151.98,,Kudus,B2C Shipping Services,
info@dermatouch.com,505733JQ6692514,#DERMA2752545,Delivered,FORWARD,COD,149,D,Maharashtra,380018,2026-04-06+05:30,Swift,1000,187.03,,Shevgaon,B2C Shipping Services,
info@dermatouch.com,505733JQ7452617,#DERMA2900030,RTO In Transit,FORWARD,COD,307,E,Assam,380018,2026-05-01+05:30,Swift,500,203.55,,Kokrajhar,B2C Shipping Services,
info@dermatouch.com,505733M7419746,#DERMA2834817,Undelivered,FORWARD,COD,158,D,Maharashtra,380018,2026-05-01+05:30,Swift,500,113.75,,Nanded,B2C Shipping Services,
info@dermatouch.com,505733JP5588676,#DERMA2872009,RTO Delivered,FORWARD,COD,323,B,Gujarat,380018,2026-04-23+05:30,Swift,500,108.56,,Banaskantha,B2C Shipping Services,
info@dermatouch.com,505733M4606040,#DERMA2677516,RTO Delivered,FORWARD,COD,149,D,Jharkhand,380018,2026-04-17+05:30,Swift,1000,111.51,,Giridh,B2C Shipping Services,
info@dermatouch.com,505733JQ3724597,#DERMA2639789,RTO Delivered,FORWARD,COD,149,D,Maharashtra,380018,2026-04-05+05:30,Swift,1500,184.79,,Hingoli,B2C Shipping Services,
info@dermatouch.com,505733M2981093,#DERMA2784661,Delivered,FORWARD,COD,298,D,Jharkhand,380018,2026-04-13+05:30,Swift,500,113.75,,JAMSHEDPUR_JHARKHAND,B2C Shipping Services,
info@dermatouch.com,505733JQ8942211,#DERMA2909372,Delivered,FORWARD,COD,158,D,Tamil Nadu,380018,2026-04-22+05:30,Swift,1000,187.03,,Coimbatore,B2C Shipping Services,
info@dermatouch.com,505733JP1057259,#DERMA2836807,RTO Delivered,FORWARD,COD,158,B,Gujarat,380018,2026-04-17+05:30,Swift,500,108.56,,Lunawada,B2C Shipping Services,
info@dermatouch.com,505733EA7568624,#DERMA2770942,Delivered,FORWARD,Prepaid,149,D,Rajasthan,380018,2026-04-16+05:30,Swift,500,75.99,,Sagwara,B2C Shipping Services,
info@dermatouch.com,505733M7694467,#DERMA2767086,RTO In Transit,FORWARD,COD,149,E,Assam,380018,2026-04-29+05:30,Swift,500,203.55,,NAGAON,B2C Shipping Services,
info@dermatouch.com,505733JQ2004417,#DERMA2834372,RTO Delivered,FORWARD,COD,158,D,Maharashtra,380018,2026-04-27+05:30,Swift,500,151.98,,Erandol,B2C Shipping Services,
info@dermatouch.com,505733JQ3146127,#DERMA2759539,Out for Delivery,FORWARD,COD,149,D,Maharashtra,380018,2026-04-30+05:30,Swift,500,113.75,,Ahmed Nagar,B2C Shipping Services,
info@dermatouch.com,505733M7023643,#DERMA2873633,RTO In Transit,FORWARD,COD,607,D,Maharashtra,380018,2026-05-02+05:30,Swift,500,151.98,,Jawhar,B2C Shipping Services,
info@dermatouch.com,505733JQ1230790,#DERMA2743042,Delivered,FORWARD,COD,298,D,Maharashtra,380018,2026-04-05+05:30,Swift,500,113.75,,RANJANGAON,B2C Shipping Services,
info@dermatouch.com,505733M5660635,#DERMA2894500,Undelivered,FORWARD,COD,158,E,Assam,380018,2026-05-02+05:30,Swift,500,139.54,,NAGAON,B2C Shipping Services,
info@dermatouch.com,505733JQ2557066,#DERMA2879289,Undelivered,FORWARD,COD,278,D,Maharashtra,380018,2026-05-02+05:30,Swift,1000,187.03,,Erandol,B2C Shipping Services,
info@dermatouch.com,505733JQ5415548,#DERMA2742807,Delivered,FORWARD,COD,149,D,Maharashtra,380018,2026-04-05+05:30,Swift,1000,187.03,,Aurangabad,B2C Shipping Services,
info@dermatouch.com,505733JQ5547386,#DERMA2642430,RTO Delivered,FORWARD,COD,149,D,Maharashtra,380018,2026-04-09+05:30,Swift,1500,184.79,,Osmanabad,B2C Shipping Services,
info@dermatouch.com,505733JQ9769956,#DERMA2868328,RTO In Transit,FORWARD,COD,158,D,Maharashtra,380018,2026-05-02+05:30,Swift,1000,298.54,,Kudus,B2C Shipping Services,
info@dermatouch.com,505733M5885958,#DERMA2902907,RTO In Transit,FORWARD,COD,158,D,Rajasthan,380018,2026-05-01+05:30,Swift,500,151.98,,Tonk,B2C Shipping Services,
info@dermatouch.com,505733JQ8549270,#DERMA2786517,Delivered,FORWARD,COD,447,A,Gujarat,380018,2026-04-07+05:30,Swift,500,83.9,,Ahmedabad,B2C Shipping Services,
info@dermatouch.com,505733JQ7506425,#DERMA2962292,RTO In Transit,FORWARD,COD,158,D,Maharashtra,380018,2026-05-02+05:30,Swift,500,151.98,,Jalna,B2C Shipping Services,
info@dermatouch.com,505733M0594658,#DERMA2779021,Delivered,FORWARD,COD,149,E,Assam,380018,2026-04-19+05:30,Swift,500,139.54,,Darrang,B2C Shipping Services,
info@dermatouch.com,505733M8953768,#DERMA2792906,Delivered,FORWARD,COD,251,E,Assam,380018,2026-04-22+05:30,Swift,500,139.54,,Mangaldoi,B2C Shipping Services,
info@dermatouch.com,505733JP2572941,#DERMA2982183,Undelivered,FORWARD,COD,267,B,Gujarat,380018,2026-05-02+05:30,Swift,500,92.04,,Surendra Nagar,B2C Shipping Services,
info@dermatouch.com,505733JP4932667,#DERMA2694719,RTO Delivered,FORWARD,COD,149,B,Gujarat,380018,2026-04-15+05:30,Swift,500,16.52,,Banaskantha,B2C Shipping Services,
info@dermatouch.com,505733JQ9971156,#DERMA2948514,Undelivered,FORWARD,COD,275,D,Maharashtra,380018,2026-05-02+05:30,Swift,500,113.75,,Ambegoan,B2C Shipping Services,
info@dermatouch.com,505733M0266147,#DERMA2825414,Delivered,FORWARD,Prepaid,149,D,Maharashtra,380018,2026-04-26+05:30,Swift,500,75.99,,Erandol,B2C Shipping Services,
info@dermatouch.com,505733JQ1455259,#DERMA2922506,RTO In Transit,FORWARD,COD,158,A,Gujarat,380018,2026-05-02+05:30,Swift,1000,179.12,,Ahmedabad,B2C Shipping Services,
info@dermatouch.com,505733M6875971,#DERMA2935622,Delivered,FORWARD,COD,260,E,Assam,380018,2026-04-30+05:30,Swift,500,139.54,,NAGAON,B2C Shipping Services,
info@dermatouch.com,505733M2501177,#DERMA2905507,Delivered,FORWARD,COD,158,E,Jammu & Kashmir,380018,2026-04-29+05:30,Swift,500,139.54,,Baramulla,B2C Shipping Services,
info@dermatouch.com,505733JQ0374647,#DERMA2805382,Delivered,FORWARD,Prepaid,298,D,Maharashtra,380018,2026-04-13+05:30,Swift,500,75.99,,PARATWADDA,B2C Shipping Services,
info@dermatouch.com,505733JQ7242427,#DERMA2664698,Delivered,FORWARD,COD,149,D,Maharashtra,380018,2026-04-06+05:30,Swift,1000,187.03,,PACHORA,B2C Shipping Services,
info@dermatouch.com,505733M5234895,#DERMA2693542,RTO Delivered,FORWARD,COD,149,E,Assam,380018,2026-04-10+05:30,Swift,1500,262.13,,Mangaldoi,B2C Shipping Services,
info@dermatouch.com,505733M5523299,#DERMA2851214,RTO In Transit,FORWARD,COD,158,D,Maharashtra,380018,2026-05-01+05:30,Swift,500,151.98,,WADWANI,B2C Shipping Services,
info@dermatouch.com,505733JP2670637,#DERMA2883254,Delivered,FORWARD,COD,158,B,Gujarat,380018,2026-04-20+05:30,Swift,1000,143.61,,Vagara,B2C Shipping Services,
info@dermatouch.com,505733M2770737,#DERMA2766671,Delivered,FORWARD,Prepaid,149,D,Maharashtra,380018,2026-04-07+05:30,Swift,500,75.99,,Jawhar,B2C Shipping Services,
info@dermatouch.com,505733JP3403961,#DERMA2771686,RTO Delivered,FORWARD,COD,251,B,Gujarat,380018,2026-04-23+05:30,Swift,500,108.56,,Amreli,B2C Shipping Services,
info@dermatouch.com,505733M6440818,#DERMA2937566,RTO In Transit,FORWARD,COD,158,D,Rajasthan,380018,2026-05-02+05:30,Swift,500,151.98,,Dungarpur,B2C Shipping Services,
info@dermatouch.com,505733M8591083,#DERMA2946695,In Transit,FORWARD,Prepaid,149,E,Assam,380018,2026-04-29+05:30,Swift,500,101.78,,Laharighat,B2C Shipping Services,
info@dermatouch.com,505733JQ4234787,#DERMA2749724,Delivered,FORWARD,COD,149,D,Maharashtra,380018,2026-04-03+05:30,Swift,500,113.75,,Erandol,B2C Shipping Services,
info@dermatouch.com,505733JP4412579,#DERMA2884366,Delivered,FORWARD,COD,158,B,Gujarat,380018,2026-04-18+05:30,Swift,1000,143.61,,Limbdi,B2C Shipping Services,
info@dermatouch.com,505733JQ4234864,#DERMA2649596,RTO Delivered,FORWARD,COD,149,D,Uttar Pradesh,380018,2026-04-17+05:30,Swift,500,38.23,,Dhaurahara,B2C Shipping Services,
info@dermatouch.com,505733JQ2490173,#DERMA2697419,RTO Delivered,FORWARD,COD,149,D,Rajasthan,380018,2026-04-11+05:30,Swift,500,38.23,,Jodhpur,B2C Shipping Services,
info@dermatouch.com,505733JQ5395125,#DERMA2847670,RTO Delivered,FORWARD,COD,323,D,Maharashtra,380018,2026-04-27+05:30,Swift,1000,298.54,,TITWALA,B2C Shipping Services,
info@dermatouch.com,505733JQ8613398,#DERMA2802913,Delivered,FORWARD,COD,248,D,Bihar,380018,2026-04-13+05:30,Swift,500,113.75,,Saharsa,B2C Shipping Services,
info@dermatouch.com,505733JP2821961,#DERMA2775154,Delivered,FORWARD,COD,149,B,Gujarat,380018,2026-04-06+05:30,Swift,1000,143.61,,Surendra Nagar,B2C Shipping Services,
info@dermatouch.com,505733M1722597,#DERMA2718265,RTO Delivered,FORWARD,COD,248,E,Jammu & Kashmir,380018,2026-04-17+05:30,Swift,500,203.55,,Kupwara,B2C Shipping Services,
info@dermatouch.com,505733M3926516,#DERMA2667451,Delivered,FORWARD,COD,149,E,Tripura,380018,2026-04-12+05:30,Swift,500,139.54,,AGARTALA,B2C Shipping Services,
info@dermatouch.com,505733JQ1587660,#DERMA2796230,RTO Delivered,FORWARD,COD,149,D,Maharashtra,380018,2026-04-30+05:30,Swift,1000,298.54,,Rajgurunagar,B2C Shipping Services,
info@dermatouch.com,505733JP2218183,#DERMA2947727,Delivered,FORWARD,COD,158,B,Gujarat,380018,2026-04-27+05:30,Swift,1000,143.61,,Banaskantha,B2C Shipping Services,
info@dermatouch.com,505733JQ7289824,#DERMA2646970,RTO Delivered,FORWARD,COD,438,D,Maharashtra,380018,2026-04-17+05:30,Swift,500,151.98,,DAULATABAD,B2C Shipping Services,
info@dermatouch.com,505733M2580977,#DERMA2989511,In Transit,FORWARD,COD,158,E,Kerala,380018,2026-05-02+05:30,Swift,1000,238.6,,IRINJALAKUDA,B2C Shipping Services,
info@dermatouch.com,505733JQ9340827,#DERMA2638150,RTO Delivered,FORWARD,COD,289,D,Uttar Pradesh,380018,2026-04-24+05:30,Swift,500,38.23,,Lucknow,B2C Shipping Services,
info@dermatouch.com,505733JQ5420569,#DERMA2674823,RTO Delivered,FORWARD,COD,149,D,Madhya Pradesh,380018,2026-04-03+05:30,Swift,1500,184.79,,Khargone,B2C Shipping Services,
info@dermatouch.com,505733M4881745,#DERMA2738380,RTO Delivered,FORWARD,COD,298,E,Assam,380018,2026-04-30+05:30,Swift,500,203.55,,Chamaria,B2C Shipping Services,
info@dermatouch.com,505733JQ3900471,#DERMA2796345,RTO Delivered,FORWARD,COD,149,D,Maharashtra,380018,2026-04-30+05:30,Swift,500,151.98,,Rajgurunagar,B2C Shipping Services,
info@dermatouch.com,505733JP1964917,#DERMA2936850,RTO Delivered,FORWARD,COD,504,B,Gujarat,380018,2026-04-29+05:30,Swift,500,108.56,,Banaskantha,B2C Shipping Services,
info@dermatouch.com,505733JQ9349792,#DERMA2766140,Delivered,FORWARD,Prepaid,199,D,Maharashtra,380018,2026-04-06+05:30,Swift,500,75.99,,Ahmed Nagar,B2C Shipping Services,
info@dermatouch.com,505733JP9316117,#DERMA2806696,Delivered,FORWARD,COD,449,B,Gujarat,380018,2026-04-14+05:30,Swift,500,92.04,,BHUJ,B2C Shipping Services,
info@dermatouch.com,505733JK1934894,#DERMA2822902,Delivered,FORWARD,COD,149,D,Maharashtra,380018,2026-04-20+05:30,Swift,500,113.75,,PACHORA,B2C Shipping Services,
info@dermatouch.com,505733JQ1021123,#DERMA2870638,RTO In Transit,FORWARD,COD,158,D,Maharashtra,380018,2026-05-02+05:30,Swift,500,151.98,,Erandol,B2C Shipping Services,
info@dermatouch.com,505733JQ1357841,#DERMA2867830,Undelivered,FORWARD,COD,158,D,Uttar Pradesh,380018,2026-05-02+05:30,Swift,500,113.75,,Kanpur,B2C Shipping Services,
info@dermatouch.com,505733JQ9991787,#DERMA2847697,Delivered,FORWARD,COD,158,D,Rajasthan,380018,2026-04-22+05:30,Swift,500,113.75,,Jodhpur,B2C Shipping Services,
info@dermatouch.com,505733JQ3684242,#DERMA2916024,Undelivered,FORWARD,COD,158,D,Rajasthan,380018,2026-04-26+05:30,Swift,500,113.75,,Jodhpur,B2C Shipping Services,
info@dermatouch.com,505733JP4794020,#DERMA2865089,RTO Delivered,FORWARD,COD,289,B,Gujarat,380018,2026-04-28+05:30,Swift,500,108.56,,Banaskantha,B2C Shipping Services,
info@dermatouch.com,505733JQ7275629,#DERMA2786490,RTO Delivered,FORWARD,COD,149,D,Maharashtra,380018,2026-04-23+05:30,Swift,500,151.98,,Rajgurunagar,B2C Shipping Services,
info@dermatouch.com,505733JQ0814319,#DERMA2936677,Undelivered,FORWARD,COD,158,D,Maharashtra,380018,2026-05-02+05:30,Swift,500,113.75,,Erandol,B2C Shipping Services,
info@dermatouch.com,505733A9334512,#DERMA2841980,Delivered,FORWARD,COD,158,D,Karnataka,380018,2026-04-18+05:30,Swift,500,113.75,,Gulbarga,B2C Shipping Services,
info@dermatouch.com,505733JQ3718368,#DERMA2850171,Shipment Delayed,FORWARD,Prepaid,400,D,Maharashtra,380018,2026-05-02+05:30,Swift,500,75.99,,Kudus,B2C Shipping Services,
info@dermatouch.com,505733M3676844,#DERMA2767008,Delivered,FORWARD,COD,149,E,Assam,380018,2026-04-23+05:30,Swift,500,139.54,,NAGAON,B2C Shipping Services,
info@dermatouch.com,505733M2266492,#DERMA2757530,Delivered,FORWARD,Prepaid,1047,D,Orissa,380018,2026-04-06+05:30,Swift,1000,149.27,,Angul,B2C Shipping Services,
info@dermatouch.com,505733JQ6227774,#DERMA2838829,Delivered,FORWARD,Prepaid,298,D,Maharashtra,380018,2026-04-18+05:30,Swift,500,75.99,,Phaltan,B2C Shipping Services,
info@dermatouch.com,505733M1025210,#DERMA2921508,In Transit,FORWARD,COD,158,E,Jammu & Kashmir,380018,2026-05-01+05:30,Swift,500,139.54,,Kathua,B2C Shipping Services,
info@dermatouch.com,505733JQ7051489,#DERMA2843246,RTO In Transit,FORWARD,COD,307,D,Maharashtra,380018,2026-05-02+05:30,Swift,500,151.98,,Kudus,B2C Shipping Services,
info@dermatouch.com,505733JQ5131153,#DERMA2695748,RTO Delivered,FORWARD,COD,149,D,Maharashtra,380018,2026-04-14+05:30,Swift,500,38.23,,Erandol,B2C Shipping Services,
info@dermatouch.com,505733JQ5277531,#DERMA2760288,Delivered,FORWARD,COD,149,D,Orissa,380018,2026-04-06+05:30,Swift,500,113.75,,Nirakarpur,B2C Shipping Services,
info@dermatouch.com,505733M7523304,#DERMA2797936,RTO In Transit,FORWARD,COD,149,E,Manipur,380018,2026-04-24+05:30,Swift,500,203.55,,UKHRUL,B2C Shipping Services,
info@dermatouch.com,505733JQ1823611,#DERMA2716771,RTO Delivered,FORWARD,COD,149,D,Andhra Pradesh,380018,2026-04-20+05:30,Swift,500,151.98,,Chittoor,B2C Shipping Services,
info@dermatouch.com,505733JP3457671,#DERMA2717384,RTO Delivered,FORWARD,COD,149,B,Gujarat,380018,2026-04-06+05:30,Swift,500,16.52,,Bavla,B2C Shipping Services,
info@dermatouch.com,505733JQ9991378,#DERMA2761936,RTO Delivered,FORWARD,COD,149,D,Maharashtra,380018,2026-04-18+05:30,Swift,500,151.98,,Erandol,B2C Shipping Services,
info@dermatouch.com,505733A5855916,#DERMA2934082,Delivered,FORWARD,COD,158,D,Karnataka,380018,2026-04-30+05:30,Swift,500,113.75,,Aurad,B2C Shipping Services,
info@dermatouch.com,505733JQ8279071,#DERMA2796603,Delivered,FORWARD,Prepaid,418,D,Maharashtra,380018,2026-04-19+05:30,Swift,500,75.99,,Rajgurunagar,B2C Shipping Services,
info@dermatouch.com,505733JQ4411820,#DERMA2910907,Delivered,FORWARD,COD,307,D,Rajasthan,380018,2026-04-27+05:30,Swift,500,113.75,,Jodhpur,B2C Shipping Services,
info@dermatouch.com,505733M9114138,#DERMA2942781,In Transit,FORWARD,COD,138,D,Rajasthan,380018,2026-05-02+05:30,Swift,500,113.75,,Jhalawar,B2C Shipping Services,
info@dermatouch.com,505733M1064446,#DERMA2852472,Delivered,FORWARD,COD,158,D,Karnataka,380018,2026-04-19+05:30,Swift,500,113.75,,Kittur,B2C Shipping Services,
info@dermatouch.com,505733JQ5224118,#DERMA2852377,Delivered,FORWARD,Prepaid,398,D,Maharashtra,380018,2026-04-24+05:30,Swift,500,75.99,,Kudus,B2C Shipping Services,
info@dermatouch.com,505733JP9302329,#DERMA2711340,RTO Delivered,FORWARD,COD,149,B,Gujarat,380018,2026-04-10+05:30,Swift,500,16.52,,Banaskantha,B2C Shipping Services,
info@dermatouch.com,505733M9501880,#DERMA2841033,RTO In Transit,FORWARD,COD,158,D,Chhattisgarh,380018,2026-05-01+05:30,Swift,500,151.98,,KORIYA,B2C Shipping Services,
info@dermatouch.com,505733JQ9413815,#DERMA2989985,In Transit,FORWARD,COD,158,D,Maharashtra,380018,2026-05-02+05:30,Swift,1000,187.03,,Erandol,B2C Shipping Services,
info@dermatouch.com,505733JQ3639867,#DERMA2862731,Delivered,FORWARD,Prepaid,149,D,Bihar,380018,2026-04-20+05:30,Swift,500,75.99,,Madhepura,B2C Shipping Services,
